Workbook
Name 기인물_12대: _드롭다운참조!$J$2:$J$20
Name 기인물_일반: _드롭다운참조!$J$21:$J$58
Name 기인물_전체: _드롭다운참조!$J$2:$J$58
Name 기인물분류목록: _드롭다운참조!$AB$2:$AB$35
Name ChartItem: OFFSET(③공정조회!$X$14,0,0,MAX(1,COUNTA(③공정조회!$X$14:$X$63)),1)
Name ChartItemVal: OFFSET(③공정조회!$Y$14,0,0,MAX(1,COUNTA(③공정조회!$X$14:$X$63)),1)
Name ChartWork: OFFSET(③공정조회!$U$14,0,0,MAX(1,COUNTA(③공정조회!$U$14:$U$63)),1)
Name ChartWorkVal: OFFSET(③공정조회!$V$14,0,0,MAX(1,COUNTA(③공정조회!$U$14:$U$63)),1)
Name GJ_1: _드롭다운참조!$P$2:$P$7
Name GJ_10: _드롭다운참조!$Y$2:$Y$3
Name GJ_11: _드롭다운참조!$Z$2:$Z$6
Name GJ_12: _드롭다운참조!$AA$2:$AA$8
Name GJ_2: _드롭다운참조!$Q$2:$Q$5
Name GJ_3: _드롭다운참조!$R$2:$R$2
Name GJ_4: _드롭다운참조!$S$2:$S$9
Name GJ_5: _드롭다운참조!$T$2:$T$4
Name GJ_6: _드롭다운참조!$U$2:$U$2
Name GJ_7: _드롭다운참조!$V$2:$V$3
Name GJ_8: _드롭다운참조!$W$2:$W$5
Name GJ_9: _드롭다운참조!$X$2:$X$7
Name JK_1_1: _드롭다운참조!$A$31:$A$33
Name JK_1_2: _드롭다운참조!$B$31:$B$34
Name JK_1_3: _드롭다운참조!$C$31:$C$33
Name JK_1_4: _드롭다운참조!$D$31:$D$32
Name JK_1_5: _드롭다운참조!$E$31:$E$31
Name JK_1_6: _드롭다운참조!$F$31:$F$32
Name JK_10_1: _드롭다운참조!$AJ$31:$AJ$31
Name JK_10_2: _드롭다운참조!$AK$31:$AK$31
Name JK_11_1: _드롭다운참조!$AL$31:$AL$32
Name JK_11_2: _드롭다운참조!$AM$31:$AM$32
Name JK_11_3: _드롭다운참조!$AN$31:$AN$32
Name JK_11_4: _드롭다운참조!$AO$31:$AO$32
Name JK_11_5: _드롭다운참조!$AP$31:$AP$31
Name JK_12_1: _드롭다운참조!$AQ$31:$AQ$31
Name JK_12_2: _드롭다운참조!$AR$31:$AR$40
Name JK_12_3: _드롭다운참조!$AS$31:$AS$36
Name JK_12_4: _드롭다운참조!$AT$31:$AT$31
Name JK_12_5: _드롭다운참조!$AU$31:$AU$35
Name JK_12_6: _드롭다운참조!$AV$31:$AV$31
Name JK_12_7: _드롭다운참조!$AW$31:$AW$31
Name JK_2_1: _드롭다운참조!$G$31:$G$34
Name JK_2_2: _드롭다운참조!$H$31:$H$34
Name JK_2_3: _드롭다운참조!$I$31:$I$33
Name JK_2_4: _드롭다운참조!$J$31:$J$33
Name JK_3_1: _드롭다운참조!$K$31:$K$33
Name JK_4_1: _드롭다운참조!$L$31:$L$33
Name JK_4_2: _드롭다운참조!$M$31:$M$31
Name JK_4_3: _드롭다운참조!$N$31:$N$33
Name JK_4_4: _드롭다운참조!$O$31:$O$33
Name JK_4_5: _드롭다운참조!$P$31:$P$32
Name JK_4_6: _드롭다운참조!$Q$31:$Q$32
Name JK_4_7: _드롭다운참조!$R$31:$R$32
Name JK_4_8: _드롭다운참조!$S$31:$S$32
Name JK_5_1: _드롭다운참조!$T$31:$T$34
Name JK_5_2: _드롭다운참조!$U$31:$U$32
Name JK_5_3: _드롭다운참조!$V$31:$V$32
Name JK_6_1: _드롭다운참조!$W$31:$W$32
Name JK_7_1: _드롭다운참조!$X$31:$X$32
Name JK_7_2: _드롭다운참조!$Y$31:$Y$31
Name JK_8_1: _드롭다운참조!$Z$31:$Z$32

Sheet ③공정조회
A1: 📋 공정별 재해사례 조회 — KOEN · 공종 · 작업명 · 단위작업 · 기인물 순차 필터
B3: ① KOEN 공정 | D3: YES | F3: ※ ①→②→③→④→⑤ 순서로 선택하세요. 상위 항목 변경 시 하위를 다시 선택하세요.
B4: ② 공종 | D4: 11. 기타 토목공사 | F4: {=IF($D$4="","← 비워두면 전체 공종 조회",SUMPRODUCT(((($D$3<>"YES")+($D$3="YES")*(DB!E$2:E$2576="YES"))*(DB!B$2:B$2576=$D$4))*1)&"건")} -> 156건 | G4: {=IF(AND($D$4<>"",SUMPRODUCT(((($D$3<>"YES")+($D$3="YES")*(DB!E$2:E$2576="YES"))*(DB!B$2:B$2576=$D$4))*1)=0),"⚠ 해당없음!","")}
B5: ③ 작업명 | F5: {=IF($D$5="","← 비워두면 전체 작업명 조회",SUMPRODUCT(((($D$3<>"YES")+($D$3="YES")*(DB!E$2:E$2576="YES"))*(($D$4="")+($D$4<>"")*(DB!B$2:B$2576=$D$4))*(DB!C$2:C$2576=$D$5))*1)&"건")} -> ← 비워두면 전체 작업명 조회 | G5: {=IF(AND($D$5<>"",SUMPRODUCT(((($D$3<>"YES")+($D$3="YES")*(DB!E$2:E$2576="YES"))*(($D$4="")+($D$4<>"")*(DB!B$2:B$2576=$D$4))*(DB!C$2:C$2576=$D$5))*1)=0),"⚠ 상위변경! 다시선택","")} | H5: =IF($D$5="","← 작업명 선택 시 관련 기인물 표시",IFERROR(_xlfn.LET(_xlpm._txt,_xlfn.TEXTJOIN(" / ",TRUE,INDEX(_드롭다운참조!IB$2:JX$41,,MATCH($D$5,_드롭다운참조!$IB$1:$JX$1,0))),_xlpm._cnt,(LEN(_xlpm._txt)-LEN(SUBSTITUTE(_xlpm._txt," / ","")))/3+1,"✓관련 기인물 (총 "&_xlpm._cnt&"종) : "&_xlpm._txt),"해당 없음")) -> ← 작업명 선택 시 관련 기인물 표시
B6: ④ 단위작업명 | F6: {=IF($D$6="","← 비워두면 전체 단위작업 조회",SUMPRODUCT(((($D$3<>"YES")+($D$3="YES")*(DB!E$2:E$2576="YES"))*(($D$4="")+($D$4<>"")*(DB!B$2:B$2576=$D$4))*(($D$5="")+($D$5<>"")*(DB!C$2:C$2576=$D$5))*(DB!D$2:D$2576=$D$6))*1)&"건")} -> ← 비워두면 전체 단위작업 조회 | G6: {=IF(AND($D$6<>"",SUMPRODUCT(((($D$3<>"YES")+($D$3="YES")*(DB!E$2:E$2576="YES"))*(($D$4="")+($D$4<>"")*(DB!B$2:B$2576=$D$4))*(($D$5="")+($D$5<>"")*(DB!C$2:C$2576=$D$5))*(DB!D$2:D$2576=$D$6))*1)=0),"⚠ 상위변경! 다시선택","")} | H6: =IF($D$6="","← 단위작업명 선택 시 관련 기인물 표시",IFERROR(_xlfn.LET(_xlpm._txt,_xlfn.TEXTJOIN(" / ",TRUE,INDEX(_드롭다운참조!DS$2:IA$41,,MATCH($D$6,_드롭다운참조!$DS$1:$IA$1,0))),_xlpm._cnt,(LEN(_xlpm._txt)-LEN(SUBSTITUTE(_xlpm._txt," / ","")))/3+1,"✓관련 기인물 (총 "&_xlpm._cnt&"종): "&_xlpm._txt),"해당 없음")) -> ← 단위작업명 선택 시 관련 기인물 표시
B7: ⑤ 기인물 | F7: 전체 | H7: =IF($F$7="전체","← 전체 구분 조회",IF($F$7="12대 기인물","✅ 12대 기인물만 필터","✅ 해당없음만 필터")) -> ← 전체 구분 조회
B9: 조회 결과 | D9: {=SUMPRODUCT(((($D$3<>"YES")+($D$3="YES")*(DB!E$2:E$2576="YES"))*1)*(($D$4="")+($D$4<>"")*(DB!B$2:B$2576=$D$4))*(($D$5="")+($D$5<>"")*(DB!C$2:C$2576=$D$5))*(($D$6="")+($D$6<>"")*(DB!D$2:D$2576=$D$6))*(($D$7="")+($D$7<>"")*(ISNUMBER(SEARCH($D$7,DB!G$2:G$2576))))*(($F$7="전체")+($F$7<>"전체")*(DB!H$2:H$2576=$F$7)))} -> 156 | F9: ="건 (DB 총 "&COUNTA(DB!A2:A2576)&"건 중)" -> 건 (DB 총 2574건 중) | L9: 적용 필터 경로: | N9: =IF(D3="YES","발전소(KOEN=YES)",IF(D3="전체","전체",""))&IF(D4<>""," ▶ "&D4,"")&IF(D5<>""," ▶ "&D5,"")&IF(D6<>""," ▶ "&D6,"")&IF(D7<>""," ▶ "&D7,"") -> 발전소(KOEN=YES) ▶ 11. 기타 토목공사
B11: No | D11: 기인물 | F11: 재해형태 | H11: 재해개요 | J11: 재해유발요인 | L11: 위험성 감소대책 | U11: 🔨 작업명 (건수순) | V11: ▶ 건수 | X11: 🔧 기인물 (건수순) | Y11: ▶ 건수
U13: 작업명 | V13: 건수 | X13: 기인물 | Y13: 건수
B14: =IFERROR(IF(T14="","",ROW()-13),"") -> 1 | D14: {=IFERROR(INDEX(DB!G$2:G$2576,T14),"")} -> 각재(파이프,강관,합판) | F14: {=IFERROR(INDEX(DB!O$2:O$2576,T14),"")} -> 깔림 뒤집힘 | H14: {=IFERROR(INDEX(DB!P$2:P$2576,T14),"")} -> 2020년 6월경 OOO도 OO군 OOO면 소재 (주)OOOO 자재 야적장에서 재해자가 화물차량(25.5톤) 높이 약 1.7 m 적재함 위에서 크레인(10톤)으로 인양된 강관파이프(하수관거*)를 차량에 적재하던 중, 3단으로 불안정하게 적재된 강관파이프가 붕괴되어 재해자가 야적장 바닥으로 떨어졌으며, 이때 차량 적재함에서 낙하한 강관파이프(약 390kg)에 깔려서 사망한 재해임._x000D_ | J14: {=IFERROR(INDEX(DB!Q$2:Q$2576,T14),"")} -> 크레인으로 인양된 강관파이프를 차량에 적재하던 중, 3단으로 불안정하게 적재된 강관파이프가 붕괴되어 강관파이프에 깔림 | L14: {=IFERROR(INDEX(DB!R$2:R$2576,T14),"")} -> ▶ 자재를 야적하는 경우 평탄한 곳에 적재하며 구름방지조치 실시 ▶ 경사면에서 흄관을 고정하기 위해 쐐기 등을 이용 ▶ 강관파이프를 3단이상 등 과도하게 적재 금지 | P14: {=IFERROR(_xlfn.AGGREGATE(15,6,ROW(DB!A$2:A$2576)/((($D$3<>"YES")+($D$3="YES")*(DB!E$2:E$2576="YES"))*(($D$4="")+($D$4<>"")*( DB!B$2:B$2576=$D$4))*(($D$5="")+($D$5<>"")*( DB!C$2:C$2576=$D$5))*(($D$6="")+($D$6<>"")*( DB!D$2:D$2576=$D$6))*(($D$7="")+($D$7<>"")*(ISNUMBER(SEARCH($D$7,DB!G$2:G$2576))))*(($F$7="전체")+($F$7<>"전체")*(DB!H$2:H$2576=$F$7))),ROW()-13)-1,"")} -> 1 | Q14: {=IFERROR(INDEX(DB!G$2:G$2576,P14),"")} -> 각재(파이프,강관,합판) | R14: {=IFERROR(INDEX(DB!O$2:O$2576,P14),"")} -> 맞음 | S14: =IF(P14="","",COUNTIF($Q$14:$Q$2587,"<"&Q14)*100+COUNTIF($R$14:$R$2587,"<"&R14)+(ROW()-13)*0.001) -> 244275 | T14: =IFERROR(INDEX($P$14:$P$2587,MATCH(SMALL($S$14:$S$2587,ROW()-13),$S$14:$S$2587,0)),"") -> 2 | U14: {=IFERROR(INDEX(AA$14:AA$63,_xlfn.AGGREGATE(15,6,ROW(AA$14:AA$63)-ROW(AA$14)+1/(AB$14:AB$63=LARGE(AB$14:AB$63,1)),1)),"")} -> 11.4 맨홀 및 관부설작업 | V14: =IF(U14="","",IFERROR(LARGE(AB$14:AB$63,ROW()-13),"")) -> 106 | X14: {=IFERROR(INDEX(AD$14:AD$63,_xlfn.AGGREGATE(15,6,ROW(AD$14:AD$63)-ROW(AD$14)+1/(AE$14:AE$63=LARGE(AE$14:AE$63,1)),1)),"")} -> 토사 | Y14: =IF(X14="","",IFERROR(LARGE(AE$14:AE$63,ROW()-13),"")) -> 47 | AA14: {=IFERROR(INDEX(DB!$C$2:$C$2576,_xlfn.AGGREGATE(15,6,ROW(DB!$C$2:$C$2576)-1/((($D$3<>"YES")+($D$3="YES")*(DB!$E$2:$E$2576="YES"))*(($D$4="")+($D$4<>"")*(DB!$B$2:$B$2576=$D$4))*(($F$7="전체")+($F$7<>"전체")*(DB!$H$2:$H$2576=$F$7))*(COUNTIF(AA$13:AA13,DB!$C$2:$C$2576)=0)),1)),"")} -> 11.1 부대 토목 작업 | AB14: {=IF(AA14="","",SUMPRODUCT(((($D$3<>"YES")+($D$3="YES")*(DB!$E$2:$E$2576="YES"))*(($D$4="")+($D$4<>"")*(DB!$B$2:$B$2576=$D$4))*(($F$7="전체")+($F$7<>"전체")*(DB!$H$2:$H$2576=$F$7)))*(DB!$C$2:$C$2576=AA14)*1))} -> 36 | AD14: {=IFERROR(INDEX(DB!$G$2:$G$2576,_xlfn.AGGREGATE(15,6,ROW(DB!$G$2:$G$2576)-1/((($D$3<>"YES")+($D$3="YES")*(DB!$E$2:$E$2576="YES"))*(($D$4="")+($D$4<>"")*(DB!$B$2:$B$2576=$D$4))*(($D$5="")+($D$5<>"")*(DB!$C$2:$C$2576=$D$5))*(($D$6="")+($D$6<>"")*(DB!$D$2:$D$2576=$D$6))*(($D$7="")+($D$7<>"")*(ISNUMBER(SEARCH($D$7,DB!$G$2:$G$2576))))*(($F$7="전체")+($F$7<>"전체")*(DB!$H$2:$H$2576=$F$7))*(COUNTIF(AD$13:AD13,DB!$G$2:$G$2576)=0)),1)),"")} -> 각재(파이프,강관,합판) | AE14: {=IF(AD14="","",SUMPRODUCT(((($D$3<>"YES")+($D$3="YES")*(DB!$E$2:$E$2576="YES"))*(($D$4="")+($D$4<>"")*(DB!$B$2:$B$2576=$D$4))*(($D$5="")+($D$5<>"")*(DB!$C$2:$C$2576=$D$5))*(($D$6="")+($D$6<>"")*(DB!$D$2:$D$2576=$D$6))*(($D$7="")+($D$7<>"")*(ISNUMBER(SEARCH($D$7,DB!$G$2:$G$2576))))*(($F$7="전체")+($F$7<>"전체")*(DB!$H$2:$H$2576=$F$7)))*(DB!$G$2:$G$2576=AD14)*1))} -> 3
B15: =IFERROR(IF(T15="","",ROW()-13),"") -> 2 | D15: {=IFERROR(INDEX(DB!G$2:G$2576,T15),"")} -> 각재(파이프,강관,합판) | F15: {=IFERROR(INDEX(DB!O$2:O$2576,T15),"")} -> 맞음 | H15: {=IFERROR(INDEX(DB!P$2:P$2576,T15),"")} -> 2015년 12월경 군부대 방호문 설치공사에서 재해자가 보강초 벽체에 각재를 대어 기울어진 보강토 블록 벽체를 바로 세우는 작업 중 굴착기 버킷으로 힘을 가하다 각재가 갑자기 이탈되면서 힘을 가하던 굴착기 버킷에 맞아 사망 | J15: {=IFERROR(INDEX(DB!Q$2:Q$2576,T15),"")} -> 보강토 벽체에 각재를 대어 굴삭기 버켓으로 힘을 가하던 과정에서 각재가 갑자기 이탈되면서 타격함 | L15: {=IFERROR(INDEX(DB!R$2:R$2576,T15),"")} -> ▶ 굴삭기 작업시 토사의 굴착, 절토 등 장비용도에 맞게 사용 ▶ 건설기계 제원, 성능, 작업반경 등을 고려하여 작업 | P15: {=IFERROR(_xlfn.AGGREGATE(15,6,ROW(DB!A$2:A$2576)/((($D$3<>"YES")+($D$3="YES")*(DB!E$2:E$2576="YES"))*(($D$4="")+($D$4<>"")*( DB!B$2:B$2576=$D$4))*(($D$5="")+($D$5<>"")*( DB!C$2:C$2576=$D$5))*(($D$6="")+($D$6<>"")*( DB!D$2:D$2576=$D$6))*(($D$7="")+($D$7<>"")*(ISNUMBER(SEARCH($D$7,DB!G$2:G$2576))))*(($F$7="전체")+($F$7<>"전체")*(DB!H$2:H$2576=$F$7))),ROW()-13)-1,"")} -> 2 | Q15: {=IFERROR(INDEX(DB!G$2:G$2576,P15),"")} -> 각재(파이프,강관,합판) | R15: {=IFERROR(INDEX(DB!O$2:O$2576,P15),"")} -> 깔림 뒤집힘 | S15: =IF(P15="","",COUNTIF($Q$14:$Q$2587,"<"&Q15)*100+COUNTIF($R$14:$R$2587,"<"&R15)+(ROW()-13)*0.001) -> 244220 | T15: =IFERROR(INDEX($P$14:$P$2587,MATCH(SMALL($S$14:$S$2587,ROW()-13),$S$14:$S$2587,0)),"") -> 1 | U15: {=IFERROR(INDEX(AA$14:AA$63,_xlfn.AGGREGATE(15,6,ROW(AA$14:AA$63)-ROW(AA$14)+1/(AB$14:AB$63=LARGE(AB$14:AB$63,ROW()-13)),COUNTIF(V$14:V14,LARGE(AB$14:AB$63,ROW()-13))+1)),"")} -> 11.1 부대 토목 작업 | V15: =IF(U15="","",IFERROR(LARGE(AB$14:AB$63,ROW()-13),"")) -> 36 | X15: {=IFERROR(INDEX(AD$14:AD$63,_xlfn.AGGREGATE(15,6,ROW(AD$14:AD$63)-ROW(AD$14)+1/(AE$14:AE$63=LARGE(AE$14:AE$63,ROW()-13)),COUNTIF(Y$14:Y14,LARGE(AE$14:AE$63,ROW()-13))+1)),"")} -> 굴착기 | Y15: =IF(X15="","",IFERROR(LARGE(AE$14:AE$63,ROW()-13),"")) -> 31 | AA15: {=IFERROR(INDEX(DB!$C$2:$C$2576,_xlfn.AGGREGATE(15,6,ROW(DB!$C$2:$C$2576)-1/((($D$3<>"YES")+($D$3="YES")*(DB!$E$2:$E$2576="YES"))*(($D$4="")+($D$4<>"")*(DB!$B$2:$B$2576=$D$4))*(($F$7="전체")+($F$7<>"전체")*(DB!$H$2:$H$2576=$F$7))*(COUNTIF(AA$13:AA14,DB!$C$2:$C$2576)=0)),1)),"")} -> 11.4 맨홀 및 관부설작업 | AB15: {=IF(AA15="","",SUMPRODUCT(((($D$3<>"YES")+($D$3="YES")*(DB!$E$2:$E$2576="YES"))*(($D$4="")+($D$4<>"")*(DB!$B$2:$B$2576=$D$4))*(($F$7="전체")+($F$7<>"전체")*(DB!$H$2:$H$2576=$F$7)))*(DB!$C$2:$C$2576=AA15)*1))} -> 106 | AD15: {=IFERROR(INDEX(DB!$G$2:$G$2576,_xlfn.AGGREGATE(15,6,ROW(DB!$G$2:$G$2576)-1/((($D$3<>"YES")+($D$3="YES")*(DB!$E$2:$E$2576="YES"))*(($D$4="")+($D$4<>"")*(DB!$B$2:$B$2576=$D$4))*(($D$5="")+($D$5<>"")*(DB!$C$2:$C$2576=$D$5))*(($D$6="")+($D$6<>"")*(DB!$D$2:$D$2576=$D$6))*(($D$7="")+($D$7<>"")*(ISNUMBER(SEARCH($D$7,DB!$G$2:$G$2576))))*(($F$7="전체")+($F$7<>"전체")*(DB!$H$2:$H$2576=$F$7))*(COUNTIF(AD$13:AD14,DB!$G$2:$G$2576)=0)),1)),"")} -> 굴착기 | AE15: {=IF(AD15="","",SUMPRODUCT(((($D$3<>"YES")+($D$3="YES")*(DB!$E$2:$E$2576="YES"))*(($D$4="")+($D$4<>"")*(DB!$B$2:$B$2576=$D$4))*(($D$5="")+($D$5<>"")*(DB!$C$2:$C$2576=$D$5))*(($D$6="")+($D$6<>"")*(DB!$D$2:$D$2576=$D$6))*(($D$7="")+($D$7<>"")*(ISNUMBER(SEARCH($D$7,DB!$G$2:$G$2576))))*(($F$7="전체")+($F$7<>"전체")*(DB!$H$2:$H$2576=$F$7)))*(DB!$G$2:$G$2576=AD15)*1))} -> 31
B16: =IFERROR(IF(T16="","",ROW()-13),"") -> 3 | D16: {=IFERROR(INDEX(DB!G$2:G$2576,T16),"")} -> 각재(파이프,강관,합판) | F16: {=IFERROR(INDEX(DB!O$2:O$2576,T16),"")} -> 맞음 | H16: {=IFERROR(INDEX(DB!P$2:P$2576,T16),"")} -> 2021년 4월경 OOO도 OO시 OO동 소재 OOOO(주) OOOO 노후 상수관망 정비 공사 현장에서 화물차에 적재되어 있는 주철관을 슬링벨트로 묶어 하역하는 준비 작업 중 주철관이 슬링벨트 밖으로 이탈하며 재해자를 덮쳐 약 1.85m 높이의 차량 측면에서 바닥으로 떨어져 사망한 재해임 | J16: {=IFERROR(INDEX(DB!Q$2:Q$2576,T16),"")} -> 관로 정비 공사 현장에서 화물차에 적재되어 있는 주철관을 슬링벨트로 묶어 하역하는 준비 작업 중 주철관이 슬링벨트 밖으로 이탈하며 재해자를 덮침 | L16: {=IFERROR(INDEX(DB!R$2:R$2576,T16),"")} -> ▶ 화물적재 작업 시 최대 적재량 및 한쪽으로 치우치지 않은 적재 등의 조치 준수 ▶ 로프 풀기 작업 전 적재함 주변에 근로자의 통행을 통제한 뒤 하역작업 실시 | P16: {=IFERROR(_xlfn.AGGREGATE(15,6,ROW(DB!A$2:A$2576)/((($D$3<>"YES")+($D$3="YES")*(DB!E$2:E$2576="YES"))*(($D$4="")+($D$4<>"")*( DB!B$2:B$2576=$D$4))*(($D$5="")+($D$5<>"")*( DB!C$2:C$2576=$D$5))*(($D$6="")+($D$6<>"")*( DB!D$2:D$2576=$D$6))*(($D$7="")+($D$7<>"")*(ISNUMBER(SEARCH($D$7,DB!G$2:G$2576))))*(($F$7="전체")+($F$7<>"전체")*(DB!H$2:H$2576=$F$7))),ROW()-13)-1,"")} -> 3 | Q16: {=IFERROR(INDEX(DB!G$2:G$2576,P16),"")} -> 각재(파이프,강관,합판) | R16: {=IFERROR(INDEX(DB!O$2:O$2576,P16),"")} -> 맞음 | S16: =IF(P16="","",COUNTIF($Q$14:$Q$2587,"<"&Q16)*100+COUNTIF($R$14:$R$2587,"<"&R16)+(ROW()-13)*0.001) -> 244275 | T16: =IFERROR(INDEX($P$14:$P$2587,MATCH(SMALL($S$14:$S$2587,ROW()-13),$S$14:$S$2587,0)),"") -> 3 | U16: {=IFERROR(INDEX(AA$14:AA$63,_xlfn.AGGREGATE(15,6,ROW(AA$14:AA$63)-ROW(AA$14)+1/(AB$14:AB$63=LARGE(AB$14:AB$63,ROW()-13)),COUNTIF(V$14:V15,LARGE(AB$14:AB$63,ROW()-13))+1)),"")} -> 11.2 가설도로 작업 | V16: =IF(U16="","",IFERROR(LARGE(AB$14:AB$63,ROW()-13),"")) -> 7 | X16: {=IFERROR(INDEX(AD$14:AD$63,_xlfn.AGGREGATE(15,6,ROW(AD$14:AD$63)-ROW(AD$14)+1/(AE$14:AE$63=LARGE(AE$14:AE$63,ROW()-13)),COUNTIF(Y$14:Y15,LARGE(AE$14:AE$63,ROW()-13))+1)),"")} -> 트럭 | Y16: =IF(X16="","",IFERROR(LARGE(AE$14:AE$63,ROW()-13),"")) -> 11 | AA16: {=IFERROR(INDEX(DB!$C$2:$C$2576,_xlfn.AGGREGATE(15,6,ROW(DB!$C$2:$C$2576)-1/((($D$3<>"YES")+($D$3="YES")*(DB!$E$2:$E$2576="YES"))*(($D$4="")+($D$4<>"")*(DB!$B$2:$B$2576=$D$4))*(($F$7="전체")+($F$7<>"전체")*(DB!$H$2:$H$2576=$F$7))*(COUNTIF(AA$13:AA15,DB!$C$2:$C$2576)=0)),1)),"")} -> 11.2 가설도로 작업 | AB16: {=IF(AA16="","",SUMPRODUCT(((($D$3<>"YES")+($D$3="YES")*(DB!$E$2:$E$2576="YES"))*(($D$4="")+($D$4<>"")*(DB!$B$2:$B$2576=$D$4))*(($F$7="전체")+($F$7<>"전체")*(DB!$H$2:$H$2576=$F$7)))*(DB!$C$2:$C$2576=AA16)*1))} -> 7 | AD16: {=IFERROR(INDEX(DB!$G$2:$G$2576,_xlfn.AGGREGATE(15,6,ROW(DB!$G$2:$G$2576)-1/((($D$3<>"YES")+($D$3="YES")*(DB!$E$2:$E$2576="YES"))*(($D$4="")+($D$4<>"")*(DB!$B$2:$B$2576=$D$4))*(($D$5="")+($D$5<>"")*(DB!$C$2:$C$2576=$D$5))*(($D$6="")+($D$6<>"")*(DB!$D$2:$D$2576=$D$6))*(($D$7="")+($D$7<>"")*(ISNUMBER(SEARCH($D$7,DB!$G$2:$G$2576))))*(($F$7="전체")+($F$7<>"전체")*(DB!$H$2:$H$2576=$F$7))*(COUNTIF(AD$13:AD15,DB!$G$2:$G$2576)=0)),1)),"")} -> 콘크리트펌프카 | AE16: {=IF(AD16="","",SUMPRODUCT(((($D$3<>"YES")+($D$3="YES")*(DB!$E$2:$E$2576="YES"))*(($D$4="")+($D$4<>"")*(DB!$B$2:$B$2576=$D$4))*(($D$5="")+($D$5<>"")*(DB!$C$2:$C$2576=$D$5))*(($D$6="")+($D$6<>"")*(DB!$D$2:$D$2576=$D$6))*(($D$7="")+($D$7<>"")*(ISNUMBER(SEARCH($D$7,DB!$G$2:$G$2576))))*(($F$7="전체")+($F$7<>"전체")*(DB!$H$2:$H$2576=$F$7)))*(DB!$G$2:$G$2576=AD16)*1))} -> 1
B17: =IFERROR(IF(T17="","",ROW()-13),"") -> 4 | D17: {=IFERROR(INDEX(DB!G$2:G$2576,T17),"")} -> 굴착기 | F17: {=IFERROR(INDEX(DB!O$2:O$2576,T17),"")} -> 깔림 뒤집힘 | H17: {=IFERROR(INDEX(DB!P$2:P$2576,T17),"")} -> 2016년 12월경 초등학교 신축공사 현장에서 재해자(장비운전원)가 경계석 설치작업 중 굴착기 버킷에 골재를 담아 이동 후 회전하다 무게중심을 잃고 전도되면서 장비에 깔려 사망 | J17: {=IFERROR(INDEX(DB!Q$2:Q$2576,T17),"")} -> 굴삭기가 이동 중 붐을 펼치고 회전하는 순간 무게중심을 잃고 전도되어 근로자가 장비에 깔림 | L17: {=IFERROR(INDEX(DB!R$2:R$2576,T17),"")} -> ▶ 중량물을 인양한 상태에서 무리한 속도로 회전하는 등의 장비조작 금지 ▶ 전도를 예방하기 위해 굴삭기 이동경로 및 작업 장소 등의 지반을 평탄화 작업 실시 ▶ 중량물 인양 시 굴삭기의 정격하중을 준수하여 무리한 중량물 인양 금지 | P17: {=IFERROR(_xlfn.AGGREGATE(15,6,ROW(DB!A$2:A$2576)/((($D$3<>"YES")+($D$3="YES")*(DB!E$2:E$2576="YES"))*(($D$4="")+($D$4<>"")*( DB!B$2:B$2576=$D$4))*(($D$5="")+($D$5<>"")*( DB!C$2:C$2576=$D$5))*(($D$6="")+($D$6<>"")*( DB!D$2:D$2576=$D$6))*(($D$7="")+($D$7<>"")*(ISNUMBER(SEARCH($D$7,DB!G$2:G$2576))))*(($F$7="전체")+($F$7<>"전체")*(DB!H$2:H$2576=$F$7))),ROW()-13)-1,"")} -> 361 | Q17: {=IFERROR(INDEX(DB!G$2:G$2576,P17),"")} -> 굴착기 | R17: {=IFERROR(INDEX(DB!O$2:O$2576,P17),"")} -> 부딪힘 접촉 | S17: =IF(P17="","",COUNTIF($Q$14:$Q$2587,"<"&Q17)*100+COUNTIF($R$14:$R$2587,"<"&R17)+(ROW()-13)*0.001) -> 244741 | T17: =IFERROR(INDEX($P$14:$P$2587,MATCH(SMALL($S$14:$S$2587,ROW()-13),$S$14:$S$2587,0)),"") -> 371 | U17: {=IFERROR(INDEX(AA$14:AA$63,_xlfn.AGGREGATE(15,6,ROW(AA$14:AA$63)-ROW(AA$14)+1/(AB$14:AB$63=LARGE(AB$14:AB$63,ROW()-13)),COUNTIF(V$14:V16,LARGE(AB$14:AB$63,ROW()-13))+1)),"")} -> 11.3 지장물 조사 및 이설 작업 | V17: =IF(U17="","",IFERROR(LARGE(AB$14:AB$63,ROW()-13),"")) -> 7 | X17: {=IFERROR(INDEX(AD$14:AD$63,_xlfn.AGGREGATE(15,6,ROW(AD$14:AD$63)-ROW(AD$14)+1/(AE$14:AE$63=LARGE(AE$14:AE$63,ROW()-13)),COUNTIF(Y$14:Y16,LARGE(AE$14:AE$63,ROW()-13))+1)),"")} -> 기타구조물 | Y17: =IF(X17="","",IFERROR(LARGE(AE$14:AE$63,ROW()-13),"")) -> 7 | AA17: {=IFERROR(INDEX(DB!$C$2:$C$2576,_xlfn.AGGREGATE(15,6,ROW(DB!$C$2:$C$2576)-1/((($D$3<>"YES")+($D$3="YES")*(DB!$E$2:$E$2576="YES"))*(($D$4="")+($D$4<>"")*(DB!$B$2:$B$2576=$D$4))*(($F$7="전체")+($F$7<>"전체")*(DB!$H$2:$H$2576=$F$7))*(COUNTIF(AA$13:AA16,DB!$C$2:$C$2576)=0)),1)),"")} -> 11.3 지장물 조사 및 이설 작업 | AB17: {=IF(AA17="","",SUMPRODUCT(((($D$3<>"YES")+($D$3="YES")*(DB!$E$2:$E$2576="YES"))*(($D$4="")+($D$4<>"")*(DB!$B$2:$B$2576=$D$4))*(($F$7="전체")+($F$7<>"전체")*(DB!$H$2:$H$2576=$F$7)))*(DB!$C$2:$C$2576=AA17)*1))} -> 7 | AD17: {=IFERROR(INDEX(DB!$G$2:$G$2576,_xlfn.AGGREGATE(15,6,ROW(DB!$G$2:$G$2576)-1/((($D$3<>"YES")+($D$3="YES")*(DB!$E$2:$E$2576="YES"))*(($D$4="")+($D$4<>"")*(DB!$B$2:$B$2576=$D$4))*(($D$5="")+($D$5<>"")*(DB!$C$2:$C$2576=$D$5))*(($D$6="")+($D$6<>"")*(DB!$D$2:$D$2576=$D$6))*(($D$7="")+($D$7<>"")*(ISNUMBER(SEARCH($D$7,DB!$G$2:$G$2576))))*(($F$7="전체")+($F$7<>"전체")*(DB!$H$2:$H$2576=$F$7))*(COUNTIF(AD$13:AD16,DB!$G$2:$G$2576)=0)),1)),"")} -> 이동식크레인 | AE17: {=IF(AD17="","",SUMPRODUCT(((($D$3<>"YES")+($D$3="YES")*(DB!$E$2:$E$2576="YES"))*(($D$4="")+($D$4<>"")*(DB!$B$2:$B$2576=$D$4))*(($D$5="")+($D$5<>"")*(DB!$C$2:$C$2576=$D$5))*(($D$6="")+($D$6<>"")*(DB!$D$2:$D$2576=$D$6))*(($D$7="")+($D$7<>"")*(ISNUMBER(SEARCH($D$7,DB!$G$2:$G$2576))))*(($F$7="전체")+($F$7<>"전체")*(DB!$H$2:$H$2576=$F$7)))*(DB!$G$2:$G$2576=AD17)*1))} -> 1
B18: =IFERROR(IF(T18="","",ROW()-13),"") -> 5 | D18: {=IFERROR(INDEX(DB!G$2:G$2576,T18),"")} -> 굴착기 | F18: {=IFERROR(INDEX(DB!O$2:O$2576,T18),"")} -> 깔림 뒤집힘 | H18: {=IFERROR(INDEX(DB!P$2:P$2576,T18),"")} -> 2021년 3월경 배수관로 설치공사에서 재해자가 빗자루를 이용하여 아스팔트 파편 정리작업을 하던 중 버킷을 교체하고 후진하던 굴착기 바퀴에 깔려 사망 | J18: {=IFERROR(INDEX(DB!Q$2:Q$2576,T18),"")} -> 아스팔트 파편 정리작업 중 후진하는 굴삭기 바퀴에 깔림 | L18: {=IFERROR(INDEX(DB!R$2:R$2576,T18),"")} -> ▶ 근로자가 건설기계에 근접하여 작업을 수행하는 경우 유도자를 배치하여 안전한 상태에서 작업 진행 ▶ 차량계 건설기계 접촉 가능 장소 및 사각지대 발생가능성이 높은 건설기계 사용 시 근로자 출입금지 및 유도자 배치 ▶ 건설장비 작업 시 근로자와 장비의 동선을 분리 ▶ 카메라 부착 또는 후방에 근로자의 접근을 알리는 후방센서, 경보장치 등 부착 ▶ 차량계 건설기계 작업전 안전 점검 실시 및 후방카메라 등 방호장치 확인 | P18: {=IFERROR(_xlfn.AGGREGATE(15,6,ROW(DB!A$2:A$2576)/((($D$3<>"YES")+($D$3="YES")*(DB!E$2:E$2576="YES"))*(($D$4="")+($D$4<>"")*( DB!B$2:B$2576=$D$4))*(($D$5="")+($D$5<>"")*( DB!C$2:C$2576=$D$5))*(($D$6="")+($D$6<>"")*( DB!D$2:D$2576=$D$6))*(($D$7="")+($D$7<>"")*(ISNUMBER(SEARCH($D$7,DB!G$2:G$2576))))*(($F$7="전체")+($F$7<>"전체")*(DB!H$2:H$2576=$F$7))),ROW()-13)-1,"")} -> 362 | Q18: {=IFERROR(INDEX(DB!G$2:G$2576,P18),"")} -> 콘크리트펌프카 | R18: {=IFERROR(INDEX(DB!O$2:O$2576,P18),"")} -> 맞음 | S18: =IF(P18="","",COUNTIF($Q$14:$Q$2587,"<"&Q18)*100+COUNTIF($R$14:$R$2587,"<"&R18)+(ROW()-13)*0.001) -> 253275.01 | T18: =IFERROR(INDEX($P$14:$P$2587,MATCH(SMALL($S$14:$S$2587,ROW()-13),$S$14:$S$2587,0)),"") -> 374 | U18: {=IFERROR(INDEX(AA$14:AA$63,_xlfn.AGGREGATE(15,6,ROW(AA$14:AA$63)-ROW(AA$14)+1/(AB$14:AB$63=LARGE(AB$14:AB$63,ROW()-13)),COUNTIF(V$14:V17,LARGE(AB$14:AB$63,ROW()-13))+1)),"")} | V18: =IF(U18="","",IFERROR(LARGE(AB$14:AB$63,ROW()-13),"")) | X18: {=IFERROR(INDEX(AD$14:AD$63,_xlfn.AGGREGATE(15,6,ROW(AD$14:AD$63)-ROW(AD$14)+1/(AE$14:AE$63=LARGE(AE$14:AE$63,ROW()-13)),COUNTIF(Y$14:Y17,LARGE(AE$14:AE$63,ROW()-13))+1)),"")} -> 물 | Y18: =IF(X18="","",IFERROR(LARGE(AE$14:AE$63,ROW()-13),"")) -> 6 | AA18: {=IFERROR(INDEX(DB!$C$2:$C$2576,_xlfn.AGGREGATE(15,6,ROW(DB!$C$2:$C$2576)-1/((($D$3<>"YES")+($D$3="YES")*(DB!$E$2:$E$2576="YES"))*(($D$4="")+($D$4<>"")*(DB!$B$2:$B$2576=$D$4))*(($F$7="전체")+($F$7<>"전체")*(DB!$H$2:$H$2576=$F$7))*(COUNTIF(AA$13:AA17,DB!$C$2:$C$2576)=0)),1)),"")} | AB18: {=IF(AA18="","",SUMPRODUCT(((($D$3<>"YES")+($D$3="YES")*(DB!$E$2:$E$2576="YES"))*(($D$4="")+($D$4<>"")*(DB!$B$2:$B$2576=$D$4))*(($F$7="전체")+($F$7<>"전체")*(DB!$H$2:$H$2576=$F$7)))*(DB!$C$2:$C$2576=AA18)*1))} | AD18: {=IFERROR(INDEX(DB!$G$2:$G$2576,_xlfn.AGGREGATE(15,6,ROW(DB!$G$2:$G$2576)-1/((($D$3<>"YES")+($D$3="YES")*(DB!$E$2:$E$2576="YES"))*(($D$4="")+($D$4<>"")*(DB!$B$2:$B$2576=$D$4))*(($D$5="")+($D$5<>"")*(DB!$C$2:$C$2576=$D$5))*(($D$6="")+($D$6<>"")*(DB!$D$2:$D$2576=$D$6))*(($D$7="")+($D$7<>"")*(ISNUMBER(SEARCH($D$7,DB!$G$2:$G$2576))))*(($F$7="전체")+($F$7<>"전체")*(DB!$H$2:$H$2576=$F$7))*(COUNTIF(AD$13:AD17,DB!$G$2:$G$2576)=0)),1)),"")} -> 로울러 | AE18: {=IF(AD18="","",SUMPRODUCT(((($D$3<>"YES")+($D$3="YES")*(DB!$E$2:$E$2576="YES"))*(($D$4="")+($D$4<>"")*(DB!$B$2:$B$2576=$D$4))*(($D$5="")+($D$5<>"")*(DB!$C$2:$C$2576=$D$5))*(($D$6="")+($D$6<>"")*(DB!$D$2:$D$2576=$D$6))*(($D$7="")+($D$7<>"")*(ISNUMBER(SEARCH($D$7,DB!$G$2:$G$2576))))*(($F$7="전체")+($F$7<>"전체")*(DB!$H$2:$H$2576=$F$7)))*(DB!$G$2:$G$2576=AD18)*1))} -> 2
B19: =IFERROR(IF(T19="","",ROW()-13),"") -> 6 | D19: {=IFERROR(INDEX(DB!G$2:G$2576,T19),"")} -> 굴착기 | F19: {=IFERROR(INDEX(DB!O$2:O$2576,T19),"")} -> 깔림 뒤집힘 | H19: {=IFERROR(INDEX(DB!P$2:P$2576,T19),"")} -> 2020년 9월경 OOO시 OO구 OO동 소재 OOOO(주)가 시공 중인 「OOOO 일원 노후관 교체공사」현장에서 재해자가 굴삭기를 운전하여 화물자동차에서 내리던 중 넘어지는 굴삭기에 깔려 병원으로 이송치료 중 사망한 재해임. | J19: {=IFERROR(INDEX(DB!Q$2:Q$2576,T19),"")} -> 굴삭기를 현장으로 반입하기 위해 화물차에서 굴삭기를 내리는 중 전도되는 굴삭기에 깔림 | L19: {=IFERROR(INDEX(DB!R$2:R$2576,T19),"")} -> ▶ 화물자동차에서 발판 등을 사용하여 굴삭기를 내리는 경우 충분한 길이, 폭, 강도를 가진것을 사용 ▶ 굴삭기 스스로 화물차에서 하역하는 경우 지반이 평탄한 곳에서 작업하며, 작업계획서에 따른 작업실시 | P19: {=IFERROR(_xlfn.AGGREGATE(15,6,ROW(DB!A$2:A$2576)/((($D$3<>"YES")+($D$3="YES")*(DB!E$2:E$2576="YES"))*(($D$4="")+($D$4<>"")*( DB!B$2:B$2576=$D$4))*(($D$5="")+($D$5<>"")*( DB!C$2:C$2576=$D$5))*(($D$6="")+($D$6<>"")*( DB!D$2:D$2576=$D$6))*(($D$7="")+($D$7<>"")*(ISNUMBER(SEARCH($D$7,DB!G$2:G$2576))))*(($F$7="전체")+($F$7<>"전체")*(DB!H$2:H$2576=$F$7))),ROW()-13)-1,"")} -> 363 | Q19: {=IFERROR(INDEX(DB!G$2:G$2576,P19),"")} -> 이동식크레인 | R19: {=IFERROR(INDEX(DB!O$2:O$2576,P19),"")} -> 떨어짐 | S19: =IF(P19="","",COUNTIF($Q$14:$Q$2587,"<"&Q19)*100+COUNTIF($R$14:$R$2587,"<"&R19)+(ROW()-13)*0.001) -> 252251.01 | T19: =IFERROR(INDEX($P$14:$P$2587,MATCH(SMALL($S$14:$S$2587,ROW()-13),$S$14:$S$2587,0)),"") -> 383 | U19: {=IFERROR(INDEX(AA$14:AA$63,_xlfn.AGGREGATE(15,6,ROW(AA$14:AA$63)-ROW(AA$14)+1/(AB$14:AB$63=LARGE(AB$14:AB$63,ROW()-13)),COUNTIF(V$14:V18,LARGE(AB$14:AB$63,ROW()-13))+1)),"")} | V19: =IF(U19="","",IFERROR(LARGE(AB$14:AB$63,ROW()-13),"")) | X19: {=IFERROR(INDEX(AD$14:AD$63,_xlfn.AGGREGATE(15,6,ROW(AD$14:AD$63)-ROW(AD$14)+1/(AE$14:AE$63=LARGE(AE$14:AE$63,ROW()-13)),COUNTIF(Y$14:Y18,LARGE(AE$14:AE$63,ROW()-13))+1)),"")} -> 배관 | Y19: =IF(X19="","",IFERROR(LARGE(AE$14:AE$63,ROW()-13),"")) -> 6 | AA19: {=IFERROR(INDEX(DB!$C$2:$C$2576,_xlfn.AGGREGATE(15,6,ROW(DB!$C$2:$C$2576)-1/((($D$3<>"YES")+($D$3="YES")*(DB!$E$2:$E$2576="YES"))*(($D$4="")+($D$4<>"")*(DB!$B$2:$B$2576=$D$4))*(($F$7="전체")+($F$7<>"전체")*(DB!$H$2:$H$2576=$F$7))*(COUNTIF(AA$13:AA18,DB!$C$2:$C$2576)=0)),1)),"")} | AB19: {=IF(AA19="","",SUMPRODUCT(((($D$3<>"YES")+($D$3="YES")*(DB!$E$2:$E$2576="YES"))*(($D$4="")+($D$4<>"")*(DB!$B$2:$B$2576=$D$4))*(($F$7="전체")+($F$7<>"전체")*(DB!$H$2:$H$2576=$F$7)))*(DB!$C$2:$C$2576=AA19)*1))} | AD19: {=IFERROR(INDEX(DB!$G$2:$G$2576,_xlfn.AGGREGATE(15,6,ROW(DB!$G$2:$G$2576)-1/((($D$3<>"YES")+($D$3="YES")*(DB!$E$2:$E$2576="YES"))*(($D$4="")+($D$4<>"")*(DB!$B$2:$B$2576=$D$4))*(($D$5="")+($D$5<>"")*(DB!$C$2:$C$2576=$D$5))*(($D$6="")+($D$6<>"")*(DB!$D$2:$D$2576=$D$6))*(($D$7="")+($D$7<>"")*(ISNUMBER(SEARCH($D$7,DB!$G$2:$G$2576))))*(($F$7="전체")+($F$7<>"전체")*(DB!$H$2:$H$2576=$F$7))*(COUNTIF(AD$13:AD18,DB!$G$2:$G$2576)=0)),1)),"")} -> 트럭 | AE19: {=IF(AD19="","",SUMPRODUCT(((($D$3<>"YES")+($D$3="YES")*(DB!$E$2:$E$2576="YES"))*(($D$4="")+($D$4<>"")*(DB!$B$2:$B$2576=$D$4))*(($D$5="")+($D$5<>"")*(DB!$C$2:$C$2576=$D$5))*(($D$6="")+($D$6<>"")*(DB!$D$2:$D$2576=$D$6))*(($D$7="")+($D$7<>"")*(ISNUMBER(SEARCH($D$7,DB!$G$2:$G$2576))))*(($F$7="전체")+($F$7<>"전체")*(DB!$H$2:$H$2576=$F$7)))*(DB!$G$2:$G$2576=AD19)*1))} -> 11
B20: =IFERROR(IF(T20="","",ROW()-13),"") -> 7 | D20: {=IFERROR(INDEX(DB!G$2:G$2576,T20),"")} -> 굴착기 | F20: {=IFERROR(INDEX(DB!O$2:O$2576,T20),"")} -> 깔림 뒤집힘 | H20: {=IFERROR(INDEX(DB!P$2:P$2576,T20),"")} -> 2019년 12월경 OO시 소재 OOOO 배수로 정비공사 현장에서 PC(Precast Concrete)사각맨홀(약1.83ton, 가로1m×세로1m×높이1.7m)을 설치하기 위해 굴삭기를 사용하여 맨홀을 인양·운반하고, 매설 지점에서 내리는 순간굴삭기가 전도되어 우측면에 있던 재해자 OOO이 굴삭기에 깔려 사망한 재해임 | J20: {=IFERROR(INDEX(DB!Q$2:Q$2576,T20),"")} -> 굴삭기를 사용하여 맨홀 인양 및 운반 중 균형을 잃고 전도되어 근로자 깔림 | L20: {=IFERROR(INDEX(DB!R$2:R$2576,T20),"")} -> ▶ 중량물 인양 시 굴삭기의 정격하중을 준수하여 무리한 중량물 인양 금지 ▶ 차량계 건설기계 사용시 작업 장소 내에 근로자의 출입 통제 ▶ 유도자를 배치하여 차량계 건설기계 유도 | P20: {=IFERROR(_xlfn.AGGREGATE(15,6,ROW(DB!A$2:A$2576)/((($D$3<>"YES")+($D$3="YES")*(DB!E$2:E$2576="YES"))*(($D$4="")+($D$4<>"")*( DB!B$2:B$2576=$D$4))*(($D$5="")+($D$5<>"")*( DB!C$2:C$2576=$D$5))*(($D$6="")+($D$6<>"")*( DB!D$2:D$2576=$D$6))*(($D$7="")+($D$7<>"")*(ISNUMBER(SEARCH($D$7,DB!G$2:G$2576))))*(($F$7="전체")+($F$7<>"전체")*(DB!H$2:H$2576=$F$7))),ROW()-13)-1,"")} -> 364 | Q20: {=IFERROR(INDEX(DB!G$2:G$2576,P20),"")} -> 굴착기 | R20: {=IFERROR(INDEX(DB!O$2:O$2576,P20),"")} -> 맞음 | S20: =IF(P20="","",COUNTIF($Q$14:$Q$2587,"<"&Q20)*100+COUNTIF($R$14:$R$2587,"<"&R20)+(ROW()-13)*0.001) -> 244675.01 | T20: =IFERROR(INDEX($P$14:$P$2587,MATCH(SMALL($S$14:$S$2587,ROW()-13),$S$14:$S$2587,0)),"") -> 398 | U20: {=IFERROR(INDEX(AA$14:AA$63,_xlfn.AGGREGATE(15,6,ROW(AA$14:AA$63)-ROW(AA$14)+1/(AB$14:AB$63=LARGE(AB$14:AB$63,ROW()-13)),COUNTIF(V$14:V19,LARGE(AB$14:AB$63,ROW()-13))+1)),"")} | V20: =IF(U20="","",IFERROR(LARGE(AB$14:AB$63,ROW()-13),"")) | X20: {=IFERROR(INDEX(AD$14:AD$63,_xlfn.AGGREGATE(15,6,ROW(AD$14:AD$63)-ROW(AD$14)+1/(AE$14:AE$63=LARGE(AE$14:AE$63,ROW()-13)),COUNTIF(Y$14:Y19,LARGE(AE$14:AE$63,ROW()-13))+1)),"")} -> 화학물질 | Y20: =IF(X20="","",IFERROR(LARGE(AE$14:AE$63,ROW()-13),"")) -> 6 | AA20: {=IFERROR(INDEX(DB!$C$2:$C$2576,_xlfn.AGGREGATE(15,6,ROW(DB!$C$2:$C$2576)-1/((($D$3<>"YES")+($D$3="YES")*(DB!$E$2:$E$2576="YES"))*(($D$4="")+($D$4<>"")*(DB!$B$2:$B$2576=$D$4))*(($F$7="전체")+($F$7<>"전체")*(DB!$H$2:$H$2576=$F$7))*(COUNTIF(AA$13:AA19,DB!$C$2:$C$2576)=0)),1)),"")} | AB20: {=IF(AA20="","",SUMPRODUCT(((($D$3<>"YES")+($D$3="YES")*(DB!$E$2:$E$2576="YES"))*(($D$4="")+($D$4<>"")*(DB!$B$2:$B$2576=$D$4))*(($F$7="전체")+($F$7<>"전체")*(DB!$H$2:$H$2576=$F$7)))*(DB!$C$2:$C$2576=AA20)*1))} | AD20: {=IFERROR(INDEX(DB!$G$2:$G$2576,_xlfn.AGGREGATE(15,6,ROW(DB!$G$2:$G$2576)-1/((($D$3<>"YES")+($D$3="YES")*(DB!$E$2:$E$2576="YES"))*(($D$4="")+($D$4<>"")*(DB!$B$2:$B$2576=$D$4))*(($D$5="")+($D$5<>"")*(DB!$C$2:$C$2576=$D$5))*(($D$6="")+($D$6<>"")*(DB!$D$2:$D$2576=$D$6))*(($D$7="")+($D$7<>"")*(ISNUMBER(SEARCH($D$7,DB!$G$2:$G$2576))))*(($F$7="전체")+($F$7<>"전체")*(DB!$H$2:$H$2576=$F$7))*(COUNTIF(AD$13:AD19,DB!$G$2:$G$2576)=0)),1)),"")} -> 기타건설장비 | AE20: {=IF(AD20="","",SUMPRODUCT(((($D$3<>"YES")+($D$3="YES")*(DB!$E$2:$E$2576="YES"))*(($D$4="")+($D$4<>"")*(DB!$B$2:$B$2576=$D$4))*(($D$5="")+($D$5<>"")*(DB!$C$2:$C$2576=$D$5))*(($D$6="")+($D$6<>"")*(DB!$D$2:$D$2576=$D$6))*(($D$7="")+($D$7<>"")*(ISNUMBER(SEARCH($D$7,DB!$G$2:$G$2576))))*(($F$7="전체")+($F$7<>"전체")*(DB!$H$2:$H$2576=$F$7)))*(DB!$G$2:$G$2576=AD20)*1))} -> 1
B21: =IFERROR(IF(T21="","",ROW()-13),"") -> 8 | D21: {=IFERROR(INDEX(DB!G$2:G$2576,T21),"")} -> 굴착기 | F21: {=IFERROR(INDEX(DB!O$2:O$2576,T21),"")} -> 깔림 뒤집힘 | H21: {=IFERROR(INDEX(DB!P$2:P$2576,T21),"")} -> 2020년 1월경 OO시 OO구 OO동 소재 관로정비공사 현장에서 재해자1 OOO이 굴착기를 운전하여 계단(경사 약30°)을 내려오던 중 장비가 중심을 잃어 넘어지며 재해자1이 깔리고, 재해자2 OOO가 재해자1을 구하려 장비에 다가가던 중 장비가 2차로 넘어지며 재해자2도 장비에 깔리며 부상당한 재해임. | J21: {=IFERROR(INDEX(DB!Q$2:Q$2576,T21),"")} -> 굴착기가 계단(경사로) 이동중 전도되어 굴삭기운전원(또는 근로자) 깔림 | L21: {=IFERROR(INDEX(DB!R$2:R$2576,T21),"")} -> ▶ 중량물 인양 시 굴삭기의 정격하중을 준수하여 무리한 중량물 인양 금지 ▶ 차량계 건설기계 사용시 작업 장소 내에 근로자의 출입 통제 ▶ 유도자를 배치하여 차량계 건설기계 유도 | P21: {=IFERROR(_xlfn.AGGREGATE(15,6,ROW(DB!A$2:A$2576)/((($D$3<>"YES")+($D$3="YES")*(DB!E$2:E$2576="YES"))*(($D$4="")+($D$4<>"")*( DB!B$2:B$2576=$D$4))*(($D$5="")+($D$5<>"")*( DB!C$2:C$2576=$D$5))*(($D$6="")+($D$6<>"")*( DB!D$2:D$2576=$D$6))*(($D$7="")+($D$7<>"")*(ISNUMBER(SEARCH($D$7,DB!G$2:G$2576))))*(($F$7="전체")+($F$7<>"전체")*(DB!H$2:H$2576=$F$7))),ROW()-13)-1,"")} -> 365 | Q21: {=IFERROR(INDEX(DB!G$2:G$2576,P21),"")} -> 로울러 | R21: {=IFERROR(INDEX(DB!O$2:O$2576,P21),"")} -> 떨어짐 | S21: =IF(P21="","",COUNTIF($Q$14:$Q$2587,"<"&Q21)*100+COUNTIF($R$14:$R$2587,"<"&R21)+(ROW()-13)*0.001) -> 248951.01 | T21: =IFERROR(INDEX($P$14:$P$2587,MATCH(SMALL($S$14:$S$2587,ROW()-13),$S$14:$S$2587,0)),"") -> 399 | U21: {=IFERROR(INDEX(AA$14:AA$63,_xlfn.AGGREGATE(15,6,ROW(AA$14:AA$63)-ROW(AA$14)+1/(AB$14:AB$63=LARGE(AB$14:AB$63,ROW()-13)),COUNTIF(V$14:V20,LARGE(AB$14:AB$63,ROW()-13))+1)),"")} | V21: =IF(U21="","",IFERROR(LARGE(AB$14:AB$63,ROW()-13),"")) | X21: {=IFERROR(INDEX(AD$14:AD$63,_xlfn.AGGREGATE(15,6,ROW(AD$14:AD$63)-ROW(AD$14)+1/(AE$14:AE$63=LARGE(AE$14:AE$63,ROW()-13)),COUNTIF(Y$14:Y20,LARGE(AE$14:AE$63,ROW()-13))+1)),"")} -> 기타자재(내부마감재,시멘트,마대) | Y21: =IF(X21="","",IFERROR(LARGE(AE$14:AE$63,ROW()-13),"")) -> 4 | AA21: {=IFERROR(INDEX(DB!$C$2:$C$2576,_xlfn.AGGREGATE(15,6,ROW(DB!$C$2:$C$2576)-1/((($D$3<>"YES")+($D$3="YES")*(DB!$E$2:$E$2576="YES"))*(($D$4="")+($D$4<>"")*(DB!$B$2:$B$2576=$D$4))*(($F$7="전체")+($F$7<>"전체")*(DB!$H$2:$H$2576=$F$7))*(COUNTIF(AA$13:AA20,DB!$C$2:$C$2576)=0)),1)),"")} | AB21: {=IF(AA21="","",SUMPRODUCT(((($D$3<>"YES")+($D$3="YES")*(DB!$E$2:$E$2576="YES"))*(($D$4="")+($D$4<>"")*(DB!$B$2:$B$2576=$D$4))*(($F$7="전체")+($F$7<>"전체")*(DB!$H$2:$H$2576=$F$7)))*(DB!$C$2:$C$2576=AA21)*1))} | AD21: {=IFERROR(INDEX(DB!$G$2:$G$2576,_xlfn.AGGREGATE(15,6,ROW(DB!$G$2:$G$2576)-1/((($D$3<>"YES")+($D$3="YES")*(DB!$E$2:$E$2576="YES"))*(($D$4="")+($D$4<>"")*(DB!$B$2:$B$2576=$D$4))*(($D$5="")+($D$5<>"")*(DB!$C$2:$C$2576=$D$5))*(($D$6="")+($D$6<>"")*(DB!$D$2:$D$2576=$D$6))*(($D$7="")+($D$7<>"")*(ISNUMBER(SEARCH($D$7,DB!$G$2:$G$2576))))*(($F$7="전체")+($F$7<>"전체")*(DB!$H$2:$H$2576=$F$7))*(COUNTIF(AD$13:AD20,DB!$G$2:$G$2576)=0)),1)),"")} -> 교통수단 | AE21: {=IF(AD21="","",SUMPRODUCT(((($D$3<>"YES")+($D$3="YES")*(DB!$E$2:$E$2576="YES"))*(($D$4="")+($D$4<>"")*(DB!$B$2:$B$2576=$D$4))*(($D$5="")+($D$5<>"")*(DB!$C$2:$C$2576=$D$5))*(($D$6="")+($D$6<>"")*(DB!$D$2:$D$2576=$D$6))*(($D$7="")+($D$7<>"")*(ISNUMBER(SEARCH($D$7,DB!$G$2:$G$2576))))*(($F$7="전체")+($F$7<>"전체")*(DB!$H$2:$H$2576=$F$7)))*(DB!$G$2:$G$2576=AD21)*1))} -> 1
B22: =IFERROR(IF(T22="","",ROW()-13),"") -> 9 | D22: {=IFERROR(INDEX(DB!G$2:G$2576,T22),"")} -> 교통수단 | F22: {=IFERROR(INDEX(DB!O$2:O$2576,T22),"")} -> 부딪힘 접촉 | H22: {=IFERROR(INDEX(DB!P$2:P$2576,T22),"")} -> 2020년 12월분 경, OOO도 OO시 OO구 소재 「㈜OOOO / OOOO 배수시설 설치공사」 현장에서, OO-OO상 103.475km 지점의 배수로 설치(굴착 및 벤치플룸관 매설)를 위해 선로 상에 올라간 굴착기가, 해당 작업지점을 통과하던 화물열차와 충돌하면서 굴착기 운전원 OOO와 작업을 지휘하던 ㈜OOOO 대표이사 OOO가 사망한 재해임 | J22: {=IFERROR(INDEX(DB!Q$2:Q$2576,T22),"")} -> 배수로 설치(굴착 및 벤치플룸관 매설)를 위해 선로 상에 올라간 굴착기가, 해당 작업지점을 통과하던 화물열차와 충돌 | L22: {=IFERROR(INDEX(DB!R$2:R$2576,T22),"")} -> ▶ 철도운행 안전협의 완료 전에 출입 통제구역 내로 임의 출입금지조치 실시 ▶ 작업인원 안전보호구(안전조끼, 안전모, 안전화) 및 휴대용품(열차감시용 무전기, 호루라기, 경보기, 손전등) 지급 및 착용상태 확인 ▶ 철도 내 작업 시, 근로자 안전을 위한 신호수 역할의 열차감시원 배치 | P22: {=IFERROR(_xlfn.AGGREGATE(15,6,ROW(DB!A$2:A$2576)/((($D$3<>"YES")+($D$3="YES")*(DB!E$2:E$2576="YES"))*(($D$4="")+($D$4<>"")*( DB!B$2:B$2576=$D$4))*(($D$5="")+($D$5<>"")*( DB!C$2:C$2576=$D$5))*(($D$6="")+($D$6<>"")*( DB!D$2:D$2576=$D$6))*(($D$7="")+($D$7<>"")*(ISNUMBER(SEARCH($D$7,DB!G$2:G$2576))))*(($F$7="전체")+($F$7<>"전체")*(DB!H$2:H$2576=$F$7))),ROW()-13)-1,"")} -> 366 | Q22: {=IFERROR(INDEX(DB!G$2:G$2576,P22),"")} -> 굴착기 | R22: {=IFERROR(INDEX(DB!O$2:O$2576,P22),"")} -> 부딪힘 접촉 | S22: =IF(P22="","",COUNTIF($Q$14:$Q$2587,"<"&Q22)*100+COUNTIF($R$14:$R$2587,"<"&R22)+(ROW()-13)*0.001) -> 244741.01 | T22: =IFERROR(INDEX($P$14:$P$2587,MATCH(SMALL($S$14:$S$2587,ROW()-13),$S$14:$S$2587,0)),"") -> 404 | U22: {=IFERROR(INDEX(AA$14:AA$63,_xlfn.AGGREGATE(15,6,ROW(AA$14:AA$63)-ROW(AA$14)+1/(AB$14:AB$63=LARGE(AB$14:AB$63,ROW()-13)),COUNTIF(V$14:V21,LARGE(AB$14:AB$63,ROW()-13))+1)),"")} | V22: =IF(U22="","",IFERROR(LARGE(AB$14:AB$63,ROW()-13),"")) | X22: {=IFERROR(INDEX(AD$14:AD$63,_xlfn.AGGREGATE(15,6,ROW(AD$14:AD$63)-ROW(AD$14)+1/(AE$14:AE$63=LARGE(AE$14:AE$63,ROW()-13)),COUNTIF(Y$14:Y21,LARGE(AE$14:AE$63,ROW()-13))+1)),"")} -> 벽체 | Y22: =IF(X22="","",IFERROR(LARGE(AE$14:AE$63,ROW()-13),"")) -> 4 | AA22: {=IFERROR(INDEX(DB!$C$2:$C$2576,_xlfn.AGGREGATE(15,6,ROW(DB!$C$2:$C$2576)-1/((($D$3<>"YES")+($D$3="YES")*(DB!$E$2:$E$2576="YES"))*(($D$4="")+($D$4<>"")*(DB!$B$2:$B$2576=$D$4))*(($F$7="전체")+($F$7<>"전체")*(DB!$H$2:$H$2576=$F$7))*(COUNTIF(AA$13:AA21,DB!$C$2:$C$2576)=0)),1)),"")} | AB22: {=IF(AA22="","",SUMPRODUCT(((($D$3<>"YES")+($D$3="YES")*(DB!$E$2:$E$2576="YES"))*(($D$4="")+($D$4<>"")*(DB!$B$2:$B$2576=$D$4))*(($F$7="전체")+($F$7<>"전체")*(DB!$H$2:$H$2576=$F$7)))*(DB!$C$2:$C$2576=AA22)*1))} | AD22: {=IFERROR(INDEX(DB!$G$2:$G$2576,_xlfn.AGGREGATE(15,6,ROW(DB!$G$2:$G$2576)-1/((($D$3<>"YES")+($D$3="YES")*(DB!$E$2:$E$2576="YES"))*(($D$4="")+($D$4<>"")*(DB!$B$2:$B$2576=$D$4))*(($D$5="")+($D$5<>"")*(DB!$C$2:$C$2576=$D$5))*(($D$6="")+($D$6<>"")*(DB!$D$2:$D$2576=$D$6))*(($D$7="")+($D$7<>"")*(ISNUMBER(SEARCH($D$7,DB!$G$2:$G$2576))))*(($F$7="전체")+($F$7<>"전체")*(DB!$H$2:$H$2576=$F$7))*(COUNTIF(AD$13:AD21,DB!$G$2:$G$2576)=0)),1)),"")} -> 기타자재(내부마감재,시멘트,마대) | AE22: {=IF(AD22="","",SUMPRODUCT(((($D$3<>"YES")+($D$3="YES")*(DB!$E$2:$E$2576="YES"))*(($D$4="")+($D$4<>"")*(DB!$B$2:$B$2576=$D$4))*(($D$5="")+($D$5<>"")*(DB!$C$2:$C$2576=$D$5))*(($D$6="")+($D$6<>"")*(DB!$D$2:$D$2576=$D$6))*(($D$7="")+($D$7<>"")*(ISNUMBER(SEARCH($D$7,DB!$G$2:$G$2576))))*(($F$7="전체")+($F$7<>"전체")*(DB!$H$2:$H$2576=$F$7)))*(DB!$G$2:$G$2576=AD22)*1))} -> 4
B23: =IFERROR(IF(T23="","",ROW()-13),"") -> 10 | D23: {=IFERROR(INDEX(DB!G$2:G$2576,T23),"")} -> 굴착기 | F23: {=IFERROR(INDEX(DB!O$2:O$2576,T23),"")} -> 끼임 | H23: {=IFERROR(INDEX(DB!P$2:P$2576,T23),"")} -> 2021년 9월경 철도 레일중량화 공사현장에서 재해자가 굴착기 후방에서 PC침목 교환 작업 준비 중 선회하는 굴착기 카운트웨이트와 도저블레이드 사이에 두부가 협착되어 사망 | J23: {=IFERROR(INDEX(DB!Q$2:Q$2576,T23),"")} -> 시야확보가 되지 않은 상태로 선회하는 굴착기 카운터웨이트와 도저블레이드 사이에 근로자가 협착 | L23: {=IFERROR(INDEX(DB!R$2:R$2576,T23),"")} -> ▶ 근로자가 건설기계에 근접하여 작업을 수행하는 경우 유도자를 배치하여 안전한 상태에서 작업 진행 ▶ 차량계 건설기계 접촉 가능 장소 및 사각지대 발생가능성이 높은 건설기계 사용 시 근로자 출입금지 및 유도자 배치 ▶ 건설장비 작업 시 근로자와 장비의 동선을 분리 ▶ 카메라 부착 또는 후방에 근로자의 접근을 알리는 후방센서, 경보장치 등 부착 ▶ 차량계 건설기계 작업전 안전 점검 실시 및 후방카메라 등 방호장치 확인 | P23: {=IFERROR(_xlfn.AGGREGATE(15,6,ROW(DB!A$2:A$2576)/((($D$3<>"YES")+($D$3="YES")*(DB!E$2:E$2576="YES"))*(($D$4="")+($D$4<>"")*( DB!B$2:B$2576=$D$4))*(($D$5="")+($D$5<>"")*( DB!C$2:C$2576=$D$5))*(($D$6="")+($D$6<>"")*( DB!D$2:D$2576=$D$6))*(($D$7="")+($D$7<>"")*(ISNUMBER(SEARCH($D$7,DB!G$2:G$2576))))*(($F$7="전체")+($F$7<>"전체")*(DB!H$2:H$2576=$F$7))),ROW()-13)-1,"")} -> 367 | Q23: {=IFERROR(INDEX(DB!G$2:G$2576,P23),"")} -> 굴착기 | R23: {=IFERROR(INDEX(DB!O$2:O$2576,P23),"")} -> 맞음(낙하물체) | S23: =IF(P23="","",COUNTIF($Q$14:$Q$2587,"<"&Q23)*100+COUNTIF($R$14:$R$2587,"<"&R23)+(ROW()-13)*0.001) -> 244686.01 | T23: =IFERROR(INDEX($P$14:$P$2587,MATCH(SMALL($S$14:$S$2587,ROW()-13),$S$14:$S$2587,0)),"") -> 375 | U23: {=IFERROR(INDEX(AA$14:AA$63,_xlfn.AGGREGATE(15,6,ROW(AA$14:AA$63)-ROW(AA$14)+1/(AB$14:AB$63=LARGE(AB$14:AB$63,ROW()-13)),COUNTIF(V$14:V22,LARGE(AB$14:AB$63,ROW()-13))+1)),"")} | V23: =IF(U23="","",IFERROR(LARGE(AB$14:AB$63,ROW()-13),"")) | X23: {=IFERROR(INDEX(AD$14:AD$63,_xlfn.AGGREGATE(15,6,ROW(AD$14:AD$63)-ROW(AD$14)+1/(AE$14:AE$63=LARGE(AE$14:AE$63,ROW()-13)),COUNTIF(Y$14:Y22,LARGE(AE$14:AE$63,ROW()-13))+1)),"")} -> 수목 | Y23: =IF(X23="","",IFERROR(LARGE(AE$14:AE$63,ROW()-13),"")) -> 4 | AA23: {=IFERROR(INDEX(DB!$C$2:$C$2576,_xlfn.AGGREGATE(15,6,ROW(DB!$C$2:$C$2576)-1/((($D$3<>"YES")+($D$3="YES")*(DB!$E$2:$E$2576="YES"))*(($D$4="")+($D$4<>"")*(DB!$B$2:$B$2576=$D$4))*(($F$7="전체")+($F$7<>"전체")*(DB!$H$2:$H$2576=$F$7))*(COUNTIF(AA$13:AA22,DB!$C$2:$C$2576)=0)),1)),"")} | AB23: {=IF(AA23="","",SUMPRODUCT(((($D$3<>"YES")+($D$3="YES")*(DB!$E$2:$E$2576="YES"))*(($D$4="")+($D$4<>"")*(DB!$B$2:$B$2576=$D$4))*(($F$7="전체")+($F$7<>"전체")*(DB!$H$2:$H$2576=$F$7)))*(DB!$C$2:$C$2576=AA23)*1))} | AD23: {=IFERROR(INDEX(DB!$G$2:$G$2576,_xlfn.AGGREGATE(15,6,ROW(DB!$G$2:$G$2576)-1/((($D$3<>"YES")+($D$3="YES")*(DB!$E$2:$E$2576="YES"))*(($D$4="")+($D$4<>"")*(DB!$B$2:$B$2576=$D$4))*(($D$5="")+($D$5<>"")*(DB!$C$2:$C$2576=$D$5))*(($D$6="")+($D$6<>"")*(DB!$D$2:$D$2576=$D$6))*(($D$7="")+($D$7<>"")*(ISNUMBER(SEARCH($D$7,DB!$G$2:$G$2576))))*(($F$7="전체")+($F$7<>"전체")*(DB!$H$2:$H$2576=$F$7))*(COUNTIF(AD$13:AD22,DB!$G$2:$G$2576)=0)),1)),"")} -> 철근콘크리트자재(철근,콘크리트,PC) | AE23: {=IF(AD23="","",SUMPRODUCT(((($D$3<>"YES")+($D$3="YES")*(DB!$E$2:$E$2576="YES"))*(($D$4="")+($D$4<>"")*(DB!$B$2:$B$2576=$D$4))*(($D$5="")+($D$5<>"")*(DB!$C$2:$C$2576=$D$5))*(($D$6="")+($D$6<>"")*(DB!$D$2:$D$2576=$D$6))*(($D$7="")+($D$7<>"")*(ISNUMBER(SEARCH($D$7,DB!$G$2:$G$2576))))*(($F$7="전체")+($F$7<>"전체")*(DB!$H$2:$H$2576=$F$7)))*(DB!$G$2:$G$2576=AD23)*1))} -> 2
B24: =IFERROR(IF(T24="","",ROW()-13),"") -> 11 | D24: {=IFERROR(INDEX(DB!G$2:G$2576,T24),"")} -> 굴착기 | F24: {=IFERROR(INDEX(DB!O$2:O$2576,T24),"")} -> 끼임 | H24: {=IFERROR(INDEX(DB!P$2:P$2576,T24),"")} -> 2017년 6월경 지중화 전기공사 현장에서 재해자가 굴착기의 버킷에 전신주를 걸어 이동하던 중 경사로 구간에서 전도되는 굴착기에 협착되어 사망 | J24: {=IFERROR(INDEX(DB!Q$2:Q$2576,T24),"")} -> 굴삭기 버켓에 줄걸이 후 운반중 굴삭기 전도에 의해 운전자가 운전석 이탈되어 굴삭기에 협착 | L24: {=IFERROR(INDEX(DB!R$2:R$2576,T24),"")} -> ▶ 굴삭기 사용 중량물 양중시 정격하중 준수 ▶ 작업 시 장비 운전수 안전띠 착용 조치 ▶ 중량물 인양 시 굴삭기의 정격하중을 준수하여 무리한 중량물 인양 금지 ▶ 차량계 건설기계 사용시 작업 장소 내에 근로자의 출입 통제 ▶ 유도자를 배치하여 차량계 건설기계 유도 | P24: {=IFERROR(_xlfn.AGGREGATE(15,6,ROW(DB!A$2:A$2576)/((($D$3<>"YES")+($D$3="YES")*(DB!E$2:E$2576="YES"))*(($D$4="")+($D$4<>"")*( DB!B$2:B$2576=$D$4))*(($D$5="")+($D$5<>"")*( DB!C$2:C$2576=$D$5))*(($D$6="")+($D$6<>"")*( DB!D$2:D$2576=$D$6))*(($D$7="")+($D$7<>"")*(ISNUMBER(SEARCH($D$7,DB!G$2:G$2576))))*(($F$7="전체")+($F$7<>"전체")*(DB!H$2:H$2576=$F$7))),ROW()-13)-1,"")} -> 368 | Q24: {=IFERROR(INDEX(DB!G$2:G$2576,P24),"")} -> 굴착기 | R24: {=IFERROR(INDEX(DB!O$2:O$2576,P24),"")} -> 맞음 | S24: =IF(P24="","",COUNTIF($Q$14:$Q$2587,"<"&Q24)*100+COUNTIF($R$14:$R$2587,"<"&R24)+(ROW()-13)*0.001) -> 244675.01 | T24: =IFERROR(INDEX($P$14:$P$2587,MATCH(SMALL($S$14:$S$2587,ROW()-13),$S$14:$S$2587,0)),"") -> 379 | U24: {=IFERROR(INDEX(AA$14:AA$63,_xlfn.AGGREGATE(15,6,ROW(AA$14:AA$63)-ROW(AA$14)+1/(AB$14:AB$63=LARGE(AB$14:AB$63,ROW()-13)),COUNTIF(V$14:V23,LARGE(AB$14:AB$63,ROW()-13))+1)),"")} | V24: =IF(U24="","",IFERROR(LARGE(AB$14:AB$63,ROW()-13),"")) | X24: {=IFERROR(INDEX(AD$14:AD$63,_xlfn.AGGREGATE(15,6,ROW(AD$14:AD$63)-ROW(AD$14)+1/(AE$14:AE$63=LARGE(AE$14:AE$63,ROW()-13)),COUNTIF(Y$14:Y23,LARGE(AE$14:AE$63,ROW()-13))+1)),"")} -> 슬라브단부 | Y24: =IF(X24="","",IFERROR(LARGE(AE$14:AE$63,ROW()-13),"")) -> 4 | AA24: {=IFERROR(INDEX(DB!$C$2:$C$2576,_xlfn.AGGREGATE(15,6,ROW(DB!$C$2:$C$2576)-1/((($D$3<>"YES")+($D$3="YES")*(DB!$E$2:$E$2576="YES"))*(($D$4="")+($D$4<>"")*(DB!$B$2:$B$2576=$D$4))*(($F$7="전체")+($F$7<>"전체")*(DB!$H$2:$H$2576=$F$7))*(COUNTIF(AA$13:AA23,DB!$C$2:$C$2576)=0)),1)),"")} | AB24: {=IF(AA24="","",SUMPRODUCT(((($D$3<>"YES")+($D$3="YES")*(DB!$E$2:$E$2576="YES"))*(($D$4="")+($D$4<>"")*(DB!$B$2:$B$2576=$D$4))*(($F$7="전체")+($F$7<>"전체")*(DB!$H$2:$H$2576=$F$7)))*(DB!$C$2:$C$2576=AA24)*1))} | AD24: {=IFERROR(INDEX(DB!$G$2:$G$2576,_xlfn.AGGREGATE(15,6,ROW(DB!$G$2:$G$2576)-1/((($D$3<>"YES")+($D$3="YES")*(DB!$E$2:$E$2576="YES"))*(($D$4="")+($D$4<>"")*(DB!$B$2:$B$2576=$D$4))*(($D$5="")+($D$5<>"")*(DB!$C$2:$C$2576=$D$5))*(($D$6="")+($D$6<>"")*(DB!$D$2:$D$2576=$D$6))*(($D$7="")+($D$7<>"")*(ISNUMBER(SEARCH($D$7,DB!$G$2:$G$2576))))*(($F$7="전체")+($F$7<>"전체")*(DB!$H$2:$H$2576=$F$7))*(COUNTIF(AD$13:AD23,DB!$G$2:$G$2576)=0)),1)),"")} -> 기타구조물 | AE24: {=IF(AD24="","",SUMPRODUCT(((($D$3<>"YES")+($D$3="YES")*(DB!$E$2:$E$2576="YES"))*(($D$4="")+($D$4<>"")*(DB!$B$2:$B$2576=$D$4))*(($D$5="")+($D$5<>"")*(DB!$C$2:$C$2576=$D$5))*(($D$6="")+($D$6<>"")*(DB!$D$2:$D$2576=$D$6))*(($D$7="")+($D$7<>"")*(ISNUMBER(SEARCH($D$7,DB!$G$2:$G$2576))))*(($F$7="전체")+($F$7<>"전체")*(DB!$H$2:$H$2576=$F$7)))*(DB!$G$2:$G$2576=AD24)*1))} -> 7
B25: =IFERROR(IF(T25="","",ROW()-13),"") -> 12 | D25: {=IFERROR(INDEX(DB!G$2:G$2576,T25),"")} -> 굴착기 | F25: {=IFERROR(INDEX(DB!O$2:O$2576,T25),"")} -> 끼임 | H25: {=IFERROR(INDEX(DB!P$2:P$2576,T25),"")} -> 2016년 7월경, OOO도 OO군 OO읍 소재, 『OOOO(주) OOO 하수관로 정비사업 시설공사』현장에서 맨홀과 오수관로 연결부에서 인력굴착한 잔여토사를 반출하려던 굴삭기 버켓에 관로배관 연결 준비작업 중이던 재해자가 굴삭기 버켓과 흙막이지보재 사이에 협착하여 사망한 재해임 | J25: {=IFERROR(INDEX(DB!Q$2:Q$2576,T25),"")} -> 관로작업 중 굴삭기 버켓과 흙막이 지보재 사이에 협착 | L25: {=IFERROR(INDEX(DB!R$2:R$2576,T25),"")} -> ▶ 굴착면적에 따를 버킷 교체시 유압이 해제될 경우에도 연결장치(Quick coupler)에서 버킷 이탈방지를 위해 안전핀 체결하여 이중 잠금장치 실시 ▶ 차량계 건설기계를 사용하여 굴착 등 작업을 하는 경우 유도자를 배치하여 안전하게 작업 수행 | P25: {=IFERROR(_xlfn.AGGREGATE(15,6,ROW(DB!A$2:A$2576)/((($D$3<>"YES")+($D$3="YES")*(DB!E$2:E$2576="YES"))*(($D$4="")+($D$4<>"")*( DB!B$2:B$2576=$D$4))*(($D$5="")+($D$5<>"")*( DB!C$2:C$2576=$D$5))*(($D$6="")+($D$6<>"")*( DB!D$2:D$2576=$D$6))*(($D$7="")+($D$7<>"")*(ISNUMBER(SEARCH($D$7,DB!G$2:G$2576))))*(($F$7="전체")+($F$7<>"전체")*(DB!H$2:H$2576=$F$7))),ROW()-13)-1,"")} -> 369 | Q25: {=IFERROR(INDEX(DB!G$2:G$2576,P25),"")} -> 트럭 | R25: {=IFERROR(INDEX(DB!O$2:O$2576,P25),"")} -> 떨어짐 | S25: =IF(P25="","",COUNTIF($Q$14:$Q$2587,"<"&Q25)*100+COUNTIF($R$14:$R$2587,"<"&R25)+(ROW()-13)*0.001) -> 258051.01 | T25: =IFERROR(INDEX($P$14:$P$2587,MATCH(SMALL($S$14:$S$2587,ROW()-13),$S$14:$S$2587,0)),"") -> 387 | U25: {=IFERROR(INDEX(AA$14:AA$63,_xlfn.AGGREGATE(15,6,ROW(AA$14:AA$63)-ROW(AA$14)+1/(AB$14:AB$63=LARGE(AB$14:AB$63,ROW()-13)),COUNTIF(V$14:V24,LARGE(AB$14:AB$63,ROW()-13))+1)),"")} | V25: =IF(U25="","",IFERROR(LARGE(AB$14:AB$63,ROW()-13),"")) | X25: {=IFERROR(INDEX(AD$14:AD$63,_xlfn.AGGREGATE(15,6,ROW(AD$14:AD$63)-ROW(AD$14)+1/(AE$14:AE$63=LARGE(AE$14:AE$63,ROW()-13)),COUNTIF(Y$14:Y24,LARGE(AE$14:AE$63,ROW()-13))+1)),"")} -> 각재(파이프,강관,합판) | Y25: =IF(X25="","",IFERROR(LARGE(AE$14:AE$63,ROW()-13),"")) -> 3 | AA25: {=IFERROR(INDEX(DB!$C$2:$C$2576,_xlfn.AGGREGATE(15,6,ROW(DB!$C$2:$C$2576)-1/((($D$3<>"YES")+($D$3="YES")*(DB!$E$2:$E$2576="YES"))*(($D$4="")+($D$4<>"")*(DB!$B$2:$B$2576=$D$4))*(($F$7="전체")+($F$7<>"전체")*(DB!$H$2:$H$2576=$F$7))*(COUNTIF(AA$13:AA24,DB!$C$2:$C$2576)=0)),1)),"")} | AB25: {=IF(AA25="","",SUMPRODUCT(((($D$3<>"YES")+($D$3="YES")*(DB!$E$2:$E$2576="YES"))*(($D$4="")+($D$4<>"")*(DB!$B$2:$B$2576=$D$4))*(($F$7="전체")+($F$7<>"전체")*(DB!$H$2:$H$2576=$F$7)))*(DB!$C$2:$C$2576=AA25)*1))} | AD25: {=IFERROR(INDEX(DB!$G$2:$G$2576,_xlfn.AGGREGATE(15,6,ROW(DB!$G$2:$G$2576)-1/((($D$3<>"YES")+($D$3="YES")*(DB!$E$2:$E$2576="YES"))*(($D$4="")+($D$4<>"")*(DB!$B$2:$B$2576=$D$4))*(($D$5="")+($D$5<>"")*(DB!$C$2:$C$2576=$D$5))*(($D$6="")+($D$6<>"")*(DB!$D$2:$D$2576=$D$6))*(($D$7="")+($D$7<>"")*(ISNUMBER(SEARCH($D$7,DB!$G$2:$G$2576))))*(($F$7="전체")+($F$7<>"전체")*(DB!$H$2:$H$2576=$F$7))*(COUNTIF(AD$13:AD24,DB!$G$2:$G$2576)=0)),1)),"")} -> 물 | AE25: {=IF(AD25="","",SUMPRODUCT(((($D$3<>"YES")+($D$3="YES")*(DB!$E$2:$E$2576="YES"))*(($D$4="")+($D$4<>"")*(DB!$B$2:$B$2576=$D$4))*(($D$5="")+($D$5<>"")*(DB!$C$2:$C$2576=$D$5))*(($D$6="")+($D$6<>"")*(DB!$D$2:$D$2576=$D$6))*(($D$7="")+($D$7<>"")*(ISNUMBER(SEARCH($D$7,DB!$G$2:$G$2576))))*(($F$7="전체")+($F$7<>"전체")*(DB!$H$2:$H$2576=$F$7)))*(DB!$G$2:$G$2576=AD25)*1))} -> 6
B26: =IFERROR(IF(T26="","",ROW()-13),"") -> 13 | D26: {=IFERROR(INDEX(DB!G$2:G$2576,T26),"")} -> 굴착기 | F26: {=IFERROR(INDEX(DB!O$2:O$2576,T26),"")} -> 맞음 | H26: {=IFERROR(INDEX(DB!P$2:P$2576,T26),"")} -> 2019년 2월경 공영주차장 조성공사에서 재해자가 주차장 배면부 전석쌓기 작업 중 회전하면서 굴착기 돌집게에서 이탈된 전석에 맞아 사망 | J26: {=IFERROR(INDEX(DB!Q$2:Q$2576,T26),"")} -> 굴삭기 붐 끝단에 장착 된 돌집게로 전석을 집어 붐대를 회전하던 중 돌집게에서 낙하하는 전석에 맞음 | L26: {=IFERROR(INDEX(DB!R$2:R$2576,T26),"")} -> ▶ 중량물 제원 및 작업장소를 고려하여 적합한 건설장비 선정 및 사용 ▶ 차량계 하역운반기계 사용할 경우 작업계획서를 작성하고 작업계획에 맞게 작업실시 ▶ 자재인양 등 중량물 취급작업 시 낙하위험 지역에 대해 근로자 출입 통제 | P26: {=IFERROR(_xlfn.AGGREGATE(15,6,ROW(DB!A$2:A$2576)/((($D$3<>"YES")+($D$3="YES")*(DB!E$2:E$2576="YES"))*(($D$4="")+($D$4<>"")*( DB!B$2:B$2576=$D$4))*(($D$5="")+($D$5<>"")*( DB!C$2:C$2576=$D$5))*(($D$6="")+($D$6<>"")*( DB!D$2:D$2576=$D$6))*(($D$7="")+($D$7<>"")*(ISNUMBER(SEARCH($D$7,DB!G$2:G$2576))))*(($F$7="전체")+($F$7<>"전체")*(DB!H$2:H$2576=$F$7))),ROW()-13)-1,"")} -> 370 | Q26: {=IFERROR(INDEX(DB!G$2:G$2576,P26),"")} -> 굴착기 | R26: {=IFERROR(INDEX(DB!O$2:O$2576,P26),"")} -> 부딪힘 접촉 | S26: =IF(P26="","",COUNTIF($Q$14:$Q$2587,"<"&Q26)*100+COUNTIF($R$14:$R$2587,"<"&R26)+(ROW()-13)*0.001) -> 244741.01 | T26: =IFERROR(INDEX($P$14:$P$2587,MATCH(SMALL($S$14:$S$2587,ROW()-13),$S$14:$S$2587,0)),"") -> 364 | U26: {=IFERROR(INDEX(AA$14:AA$63,_xlfn.AGGREGATE(15,6,ROW(AA$14:AA$63)-ROW(AA$14)+1/(AB$14:AB$63=LARGE(AB$14:AB$63,ROW()-13)),COUNTIF(V$14:V25,LARGE(AB$14:AB$63,ROW()-13))+1)),"")} | V26: =IF(U26="","",IFERROR(LARGE(AB$14:AB$63,ROW()-13),"")) | X26: {=IFERROR(INDEX(AD$14:AD$63,_xlfn.AGGREGATE(15,6,ROW(AD$14:AD$63)-ROW(AD$14)+1/(AE$14:AE$63=LARGE(AE$14:AE$63,ROW()-13)),COUNTIF(Y$14:Y25,LARGE(AE$14:AE$63,ROW()-13))+1)),"")} -> 암석 | Y26: =IF(X26="","",IFERROR(LARGE(AE$14:AE$63,ROW()-13),"")) -> 3 | AA26: {=IFERROR(INDEX(DB!$C$2:$C$2576,_xlfn.AGGREGATE(15,6,ROW(DB!$C$2:$C$2576)-1/((($D$3<>"YES")+($D$3="YES")*(DB!$E$2:$E$2576="YES"))*(($D$4="")+($D$4<>"")*(DB!$B$2:$B$2576=$D$4))*(($F$7="전체")+($F$7<>"전체")*(DB!$H$2:$H$2576=$F$7))*(COUNTIF(AA$13:AA25,DB!$C$2:$C$2576)=0)),1)),"")} | AB26: {=IF(AA26="","",SUMPRODUCT(((($D$3<>"YES")+($D$3="YES")*(DB!$E$2:$E$2576="YES"))*(($D$4="")+($D$4<>"")*(DB!$B$2:$B$2576=$D$4))*(($F$7="전체")+($F$7<>"전체")*(DB!$H$2:$H$2576=$F$7)))*(DB!$C$2:$C$2576=AA26)*1))} | AD26: {=IFERROR(INDEX(DB!$G$2:$G$2576,_xlfn.AGGREGATE(15,6,ROW(DB!$G$2:$G$2576)-1/((($D$3<>"YES")+($D$3="YES")*(DB!$E$2:$E$2576="YES"))*(($D$4="")+($D$4<>"")*(DB!$B$2:$B$2576=$D$4))*(($D$5="")+($D$5<>"")*(DB!$C$2:$C$2576=$D$5))*(($D$6="")+($D$6<>"")*(DB!$D$2:$D$2576=$D$6))*(($D$7="")+($D$7<>"")*(ISNUMBER(SEARCH($D$7,DB!$G$2:$G$2576))))*(($F$7="전체")+($F$7<>"전체")*(DB!$H$2:$H$2576=$F$7))*(COUNTIF(AD$13:AD25,DB!$G$2:$G$2576)=0)),1)),"")} -> 바닥(바닥에 걸려 넘어짐) | AE26: {=IF(AD26="","",SUMPRODUCT(((($D$3<>"YES")+($D$3="YES")*(DB!$E$2:$E$2576="YES"))*(($D$4="")+($D$4<>"")*(DB!$B$2:$B$2576=$D$4))*(($D$5="")+($D$5<>"")*(DB!$C$2:$C$2576=$D$5))*(($D$6="")+($D$6<>"")*(DB!$D$2:$D$2576=$D$6))*(($D$7="")+($D$7<>"")*(ISNUMBER(SEARCH($D$7,DB!$G$2:$G$2576))))*(($F$7="전체")+($F$7<>"전체")*(DB!$H$2:$H$2576=$F$7)))*(DB!$G$2:$G$2576=AD26)*1))} -> 1
... B63: =IFERROR(IF(T63="","",ROW()-13),"") -> 50 | D63: {=IFERROR(INDEX(DB!G$2:G$2576,T63),"")} -> 물 | F63: {=IFERROR(INDEX(DB!O$2:O$2576,T63),"")} -> 떨어짐 | H63: {=IFERROR(INDEX(DB!P$2:P$2576,T63),"")} -> 2020년 11월경 OOO시 OO구 소재 OOOO(주)가 시공 중인 「OOOO」현장에서 협력업체 OOOO(주) 소속 재해자가 집수정 설치를 위해 굴착해놓은 피트(우천으로 물이 고인상태)에 빠져있는 것을 동료근로자가 발견 구조하여 병원으로 이송하였으나 당일 사망한 재해임. | J63: {=IFERROR(INDEX(DB!Q$2:Q$2576,T63),"")} -> 집수정 설치를 위해 굴착해놓은 피트(우천으로 물이 고인상태)에 빠져 익사 | L63: {=IFERROR(INDEX(DB!R$2:R$2576,T63),"")} -> ▶ 후속시공이 연속하여 이어지지 않는 경우, 발생한 개구부(집수정 등)는 개구부 덮개 등을 이용하여 막음조치 ▶ 개구부 부근에서 작업 시 안전난간 설치 등 추락방지조치 실시 | P63: {=IFERROR(_xlfn.AGGREGATE(15,6,ROW(DB!A$2:A$2576)/((($D$3<>"YES")+($D$3="YES")*(DB!E$2:E$2576="YES"))*(($D$4="")+($D$4<>"")*( DB!B$2:B$2576=$D$4))*(($D$5="")+($D$5<>"")*( DB!C$2:C$2576=$D$5))*(($D$6="")+($D$6<>"")*( DB!D$2:D$2576=$D$6))*(($D$7="")+($D$7<>"")*(ISNUMBER(SEARCH($D$7,DB!G$2:G$2576))))*(($F$7="전체")+($F$7<>"전체")*(DB!H$2:H$2576=$F$7))),ROW()-13)-1,"")} -> 407 | Q63: {=IFERROR(INDEX(DB!G$2:G$2576,P63),"")} -> 굴착기 | R63: {=IFERROR(INDEX(DB!O$2:O$2576,P63),"")} -> 부딪힘 접촉 | S63: =IF(P63="","",COUNTIF($Q$14:$Q$2587,"<"&Q63)*100+COUNTIF($R$14:$R$2587,"<"&R63)+(ROW()-13)*0.001) -> 244741.05 | T63: =IFERROR(INDEX($P$14:$P$2587,MATCH(SMALL($S$14:$S$2587,ROW()-13),$S$14:$S$2587,0)),"") -> 1537 | U63: {=IFERROR(INDEX(AA$14:AA$63,_xlfn.AGGREGATE(15,6,ROW(AA$14:AA$63)-ROW(AA$14)+1/(AB$14:AB$63=LARGE(AB$14:AB$63,ROW()-13)),COUNTIF(V$14:V62,LARGE(AB$14:AB$63,ROW()-13))+1)),"")} | V63: =IF(U63="","",IFERROR(LARGE(AB$14:AB$63,ROW()-13),"")) | X63: {=IFERROR(INDEX(AD$14:AD$63,_xlfn.AGGREGATE(15,6,ROW(AD$14:AD$63)-ROW(AD$14)+1/(AE$14:AE$63=LARGE(AE$14:AE$63,ROW()-13)),COUNTIF(Y$14:Y62,LARGE(AE$14:AE$63,ROW()-13))+1)),"")} | Y63: =IF(X63="","",IFERROR(LARGE(AE$14:AE$63,ROW()-13),"")) | AA63: {=IFERROR(INDEX(DB!$C$2:$C$2576,_xlfn.AGGREGATE(15,6,ROW(DB!$C$2:$C$2576)-1/((($D$3<>"YES")+($D$3="YES")*(DB!$E$2:$E$2576="YES"))*(($D$4="")+($D$4<>"")*(DB!$B$2:$B$2576=$D$4))*(($F$7="전체")+($F$7<>"전체")*(DB!$H$2:$H$2576=$F$7))*(COUNTIF(AA$13:AA62,DB!$C$2:$C$2576)=0)),1)),"")} | AB63: {=IF(AA63="","",SUMPRODUCT(((($D$3<>"YES")+($D$3="YES")*(DB!$E$2:$E$2576="YES"))*(($D$4="")+($D$4<>"")*(DB!$B$2:$B$2576=$D$4))*(($F$7="전체")+($F$7<>"전체")*(DB!$H$2:$H$2576=$F$7)))*(DB!$C$2:$C$2576=AA63)*1))} | AD63: {=IFERROR(INDEX(DB!$G$2:$G$2576,_xlfn.AGGREGATE(15,6,ROW(DB!$G$2:$G$2576)-1/((($D$3<>"YES")+($D$3="YES")*(DB!$E$2:$E$2576="YES"))*(($D$4="")+($D$4<>"")*(DB!$B$2:$B$2576=$D$4))*(($D$5="")+($D$5<>"")*(DB!$C$2:$C$2576=$D$5))*(($D$6="")+($D$6<>"")*(DB!$D$2:$D$2576=$D$6))*(($D$7="")+($D$7<>"")*(ISNUMBER(SEARCH($D$7,DB!$G$2:$G$2576))))*(($F$7="전체")+($F$7<>"전체")*(DB!$H$2:$H$2576=$F$7))*(COUNTIF(AD$13:AD62,DB!$G$2:$G$2576)=0)),1)),"")} | AE63: {=IF(AD63="","",SUMPRODUCT(((($D$3<>"YES")+($D$3="YES")*(DB!$E$2:$E$2576="YES"))*(($D$4="")+($D$4<>"")*(DB!$B$2:$B$2576=$D$4))*(($D$5="")+($D$5<>"")*(DB!$C$2:$C$2576=$D$5))*(($D$6="")+($D$6<>"")*(DB!$D$2:$D$2576=$D$6))*(($D$7="")+($D$7<>"")*(ISNUMBER(SEARCH($D$7,DB!$G$2:$G$2576))))*(($F$7="전체")+($F$7<>"전체")*(DB!$H$2:$H$2576=$F$7)))*(DB!$G$2:$G$2576=AD63)*1))}
B64: =IFERROR(IF(T64="","",ROW()-13),"") -> 51 | D64: {=IFERROR(INDEX(DB!G$2:G$2576,T64),"")} -> 물 | F64: {=IFERROR(INDEX(DB!O$2:O$2576,T64),"")} -> 떨어짐 | H64: {=IFERROR(INDEX(DB!P$2:P$2576,T64),"")} -> 2021년 9월경, OOO시 OO구 OO동 소재 신축공사 현장에서 OOOO 긴급누수복구공사 연간단가 계약업체인 OOOOO(주) 소속근로자 재해자 OOO이 현장내부 물웅덩이에 빠져 익사한 재해임. | J64: {=IFERROR(INDEX(DB!Q$2:Q$2576,T64),"")} -> 상수도 긴급누수복구공사 현장에서 현장내부 물웅덩이에 빠져 익사 | L64: {=IFERROR(INDEX(DB!R$2:R$2576,T64),"")} -> ▶ 수돗물이 유입되는 것을 막기 위한 시설물 설치 시 수압 등 외력에 의한 파손의 위험에 예방하기 위해 구조검토 실시 ▶ 관리감독자를 두어 기계, 기구 또는 설비의 안전보건점검 및 이상 유무의 확인 실시 | P64: {=IFERROR(_xlfn.AGGREGATE(15,6,ROW(DB!A$2:A$2576)/((($D$3<>"YES")+($D$3="YES")*(DB!E$2:E$2576="YES"))*(($D$4="")+($D$4<>"")*( DB!B$2:B$2576=$D$4))*(($D$5="")+($D$5<>"")*( DB!C$2:C$2576=$D$5))*(($D$6="")+($D$6<>"")*( DB!D$2:D$2576=$D$6))*(($D$7="")+($D$7<>"")*(ISNUMBER(SEARCH($D$7,DB!G$2:G$2576))))*(($F$7="전체")+($F$7<>"전체")*(DB!H$2:H$2576=$F$7))),ROW()-13)-1,"")} -> 408 | Q64: {=IFERROR(INDEX(DB!G$2:G$2576,P64),"")} -> 굴착기 | R64: {=IFERROR(INDEX(DB!O$2:O$2576,P64),"")} -> 부딪힘 접촉 | S64: =IF(P64="","",COUNTIF($Q$14:$Q$2587,"<"&Q64)*100+COUNTIF($R$14:$R$2587,"<"&R64)+(ROW()-13)*0.001) -> 244741.05 | T64: =IFERROR(INDEX($P$14:$P$2587,MATCH(SMALL($S$14:$S$2587,ROW()-13),$S$14:$S$2587,0)),"") -> 1541
B65: =IFERROR(IF(T65="","",ROW()-13),"") -> 52 | D65: {=IFERROR(INDEX(DB!G$2:G$2576,T65),"")} -> 물 | F65: {=IFERROR(INDEX(DB!O$2:O$2576,T65),"")} -> 맞음 | H65: {=IFERROR(INDEX(DB!P$2:P$2576,T65),"")} -> 2016년 11월 경 OOOO(주)이 시공하는 OO도 OO시 OO면 OOOO 일원의 OOOO 조성사업 현장에서 출렁다리 공사 협력업체인 ㈜OOOO 소속 착암공 4명 및 측량공 3명이 파도가 거세지자 출렁다리 주탑 기초부에서 철수하기 위해 갯바위상으로 이동하던 중, 협곡의 저지대를 통과하던 OOOO이 너울성 파도에 휩쓸려 실종되어 해경 및 119에서 수색, 사고발생지점 인근에서 구조하였으나 사망한 재해임 | J65: {=IFERROR(INDEX(DB!Q$2:Q$2576,T65),"")} -> 출렁다리 주탑 기초부 공사에서 악천 후 및 강풍 시 작업을 강행하였으나 작업철수시 너울성 파도로 인한 익사 | L65: {=IFERROR(INDEX(DB!R$2:R$2576,T65),"")} -> ▶ 작업 전 기상상태를 파악하여 악천후 또는 강풍이 예상될 경우 작업중지 ▶ 해상 등에 빠질위험이 있는 경우 구명대 등을 곳곳에 배치하여 익사사고 예방 | P65: {=IFERROR(_xlfn.AGGREGATE(15,6,ROW(DB!A$2:A$2576)/((($D$3<>"YES")+($D$3="YES")*(DB!E$2:E$2576="YES"))*(($D$4="")+($D$4<>"")*( DB!B$2:B$2576=$D$4))*(($D$5="")+($D$5<>"")*( DB!C$2:C$2576=$D$5))*(($D$6="")+($D$6<>"")*( DB!D$2:D$2576=$D$6))*(($D$7="")+($D$7<>"")*(ISNUMBER(SEARCH($D$7,DB!G$2:G$2576))))*(($F$7="전체")+($F$7<>"전체")*(DB!H$2:H$2576=$F$7))),ROW()-13)-1,"")} -> 686 | Q65: {=IFERROR(INDEX(DB!G$2:G$2576,P65),"")} -> 기타자재(내부마감재,시멘트,마대) | R65: {=IFERROR(INDEX(DB!O$2:O$2576,P65),"")} -> 끼임 | S65: =IF(P65="","",COUNTIF($Q$14:$Q$2587,"<"&Q65)*100+COUNTIF($R$14:$R$2587,"<"&R65)+(ROW()-13)*0.001) -> 248544.05 | T65: =IFERROR(INDEX($P$14:$P$2587,MATCH(SMALL($S$14:$S$2587,ROW()-13),$S$14:$S$2587,0)),"") -> 1536
B66: =IFERROR(IF(T66="","",ROW()-13),"") -> 53 | D66: {=IFERROR(INDEX(DB!G$2:G$2576,T66),"")} -> 물 | F66: {=IFERROR(INDEX(DB!O$2:O$2576,T66),"")} -> 익사 | H66: {=IFERROR(INDEX(DB!P$2:P$2576,T66),"")} -> 2020년 9월경 OOO도 OO시 OO구 소재 (주)OO이 시공하는「OOOO 하수도 준설공사(연간단가)」현장에서 협력업체 소속 보통인부가 원형 콘크리트 오수맨홀 내부 바닥(깊이 4.4m, 직경 1m)에서 토사 및 돌 등으로 막혀 있던 유입관로(PE관, D300mm)를 뚫기 위해 준설차 흡입 호스(D125mm)로 준설작업을 하던 중 갑자기 뚫리면서 관로 내부(약 50m 구간)에 고여 있던 오수가 유입되면서 맨홀 내부에 오수가 순식간에 차올라(발목이 찰 정도에서 약 1.8m로 수위 상승) 익사한 재해임 | J66: {=IFERROR(INDEX(DB!Q$2:Q$2576,T66),"")} -> 준설작업 중 관로 내부에 고여 있던 오수가 유입되며 오수가 순식간에 차올라 익사 | L66: {=IFERROR(INDEX(DB!R$2:R$2576,T66),"")} -> ▶ 대피용 기구(사다리, 섬유로프, 구조용 삼각대 등) 비치 내부 작업자와 연락을 할 수 있는 무전기 등 통신장비 지급 ▶ 관로 내부에서 작업을 하는 경우 해당 작업장의 지형ㆍ지반, 기상작용에 의한 위험성 등을 사전에 조사하고 그 결과를 고려하여 근로자에게 주지시킬 것 | P66: {=IFERROR(_xlfn.AGGREGATE(15,6,ROW(DB!A$2:A$2576)/((($D$3<>"YES")+($D$3="YES")*(DB!E$2:E$2576="YES"))*(($D$4="")+($D$4<>"")*( DB!B$2:B$2576=$D$4))*(($D$5="")+($D$5<>"")*( DB!C$2:C$2576=$D$5))*(($D$6="")+($D$6<>"")*( DB!D$2:D$2576=$D$6))*(($D$7="")+($D$7<>"")*(ISNUMBER(SEARCH($D$7,DB!G$2:G$2576))))*(($F$7="전체")+($F$7<>"전체")*(DB!H$2:H$2576=$F$7))),ROW()-13)-1,"")} -> 687 | Q66: {=IFERROR(INDEX(DB!G$2:G$2576,P66),"")} -> 기타자재(내부마감재,시멘트,마대) | R66: {=IFERROR(INDEX(DB!O$2:O$2576,P66),"")} -> 깔림 뒤집힘 | S66: =IF(P66="","",COUNTIF($Q$14:$Q$2587,"<"&Q66)*100+COUNTIF($R$14:$R$2587,"<"&R66)+(ROW()-13)*0.001) -> 248520.05 | T66: =IFERROR(INDEX($P$14:$P$2587,MATCH(SMALL($S$14:$S$2587,ROW()-13),$S$14:$S$2587,0)),"") -> 1539
B67: =IFERROR(IF(T67="","",ROW()-13),"") -> 54 | D67: {=IFERROR(INDEX(DB!G$2:G$2576,T67),"")} -> 물 | F67: {=IFERROR(INDEX(DB!O$2:O$2576,T67),"")} -> 익사 | H67: {=IFERROR(INDEX(DB!P$2:P$2576,T67),"")} -> 2021년 6월경 OOO도 OO시 OO구 소재 (주)OOOO 「OOOO 상수도공사」 현장에서 협력업체 OOOO 소속 재해자와 동료작업자 1명이 #7번 작업구를 통해 기존 노후 상수도관(￠500mm) 내부로 들어가서 세관갱생작업 중 갑작스러운 집중호우로 인해 관로 안으로 물이 차오르자 뒤늦게 나오던 재해자가 빠져나오지 못하고 사망한 재해임._x000D_ | J67: {=IFERROR(INDEX(DB!Q$2:Q$2576,T67),"")} -> 작업구를 통해 기존 노후 상수도관 내부로 들어가서 세관갱생작업 중 갑작스러운 집중호우로 인해 관로 안으로 물이 차오르자 뒤늦게 나오던 재해자가 빠져나오지 못하고 익사 | L67: {=IFERROR(INDEX(DB!R$2:R$2576,T67),"")} -> ▶ 관로 내부에서 작업을 하는 경우 해당 작업장의 지형ㆍ지반, 기상작용에 의한 위험성 등을 사전에 조사하고 그 결과를 고려하여 근로자에게 주지시킬 것 ▶ 사업주는 산업재해가 발생할 급박한 위험이 있을 경우 즉시 작업 중지 후 근로자를 대피시키는 등 필요한 조치 준수 ▶ 대피용 기구(사다리, 섬유로프, 구조용 삼각대 등) 비치 내부 작업자와 연락을 할 수 있는 무전기 등 통신장비 지급 | P67: {=IFERROR(_xlfn.AGGREGATE(15,6,ROW(DB!A$2:A$2576)/((($D$3<>"YES")+($D$3="YES")*(DB!E$2:E$2576="YES"))*(($D$4="")+($D$4<>"")*( DB!B$2:B$2576=$D$4))*(($D$5="")+($D$5<>"")*( DB!C$2:C$2576=$D$5))*(($D$6="")+($D$6<>"")*( DB!D$2:D$2576=$D$6))*(($D$7="")+($D$7<>"")*(ISNUMBER(SEARCH($D$7,DB!G$2:G$2576))))*(($F$7="전체")+($F$7<>"전체")*(DB!H$2:H$2576=$F$7))),ROW()-13)-1,"")} -> 688 | Q67: {=IFERROR(INDEX(DB!G$2:G$2576,P67),"")} -> 철근콘크리트자재(철근,콘크리트,PC) | R67: {=IFERROR(INDEX(DB!O$2:O$2576,P67),"")} -> 깔림 뒤집힘 | S67: =IF(P67="","",COUNTIF($Q$14:$Q$2587,"<"&Q67)*100+COUNTIF($R$14:$R$2587,"<"&R67)+(ROW()-13)*0.001) -> 252820.05 | T67: =IFERROR(INDEX($P$14:$P$2587,MATCH(SMALL($S$14:$S$2587,ROW()-13),$S$14:$S$2587,0)),"") -> 1540
B68: =IFERROR(IF(T68="","",ROW()-13),"") -> 55 | D68: {=IFERROR(INDEX(DB!G$2:G$2576,T68),"")} -> 물 | F68: {=IFERROR(INDEX(DB!O$2:O$2576,T68),"")} -> 폭발 | H68: {=IFERROR(INDEX(DB!P$2:P$2576,T68),"")} -> 2020년 5월경 OOO시 OO구에 소재한 ㈜OOOO이 시공하는 상수도 시설물 정비공사 현장에서 ㈜OOOO 소속 근로자 OOO이 신설된 상수도관(Ø1200㎜, L=5.2m) 내부에서 용접작업을 하던 중 상수도 임시 차단밸브(라인스토퍼)가 파손되며 누수된 수돗물의 압력으로 상수도관 밖으로 밀려나와 물이 차 오른 피트(가로 5.2m * 세로 3.6m * 깊이 2.4m)에서 익사한 재해임. | J68: {=IFERROR(INDEX(DB!Q$2:Q$2576,T68),"")} -> 상수도관 내부에서 용접작업을 하던 중 상수도 임시 차단밸브가 파손되어 누수된 수돗물의 압력으로 상수도 관 밖으로 밀려나와 물이 차오른 피트에서 근로자가 익사 | L68: {=IFERROR(INDEX(DB!R$2:R$2576,T68),"")} -> ▶ 수돗물이 유입되는 것을 막기 위한 시설물 설치 시 수압 등 외력에 의한 파손의 위험에 예방하기 위해 구조검토 실시 ▶ 관리감독자를 두어 기계, 기구 또는 설비의 안전보건점검 및 이상 유무의 확인 실시 | P68: {=IFERROR(_xlfn.AGGREGATE(15,6,ROW(DB!A$2:A$2576)/((($D$3<>"YES")+($D$3="YES")*(DB!E$2:E$2576="YES"))*(($D$4="")+($D$4<>"")*( DB!B$2:B$2576=$D$4))*(($D$5="")+($D$5<>"")*( DB!C$2:C$2576=$D$5))*(($D$6="")+($D$6<>"")*( DB!D$2:D$2576=$D$6))*(($D$7="")+($D$7<>"")*(ISNUMBER(SEARCH($D$7,DB!G$2:G$2576))))*(($F$7="전체")+($F$7<>"전체")*(DB!H$2:H$2576=$F$7))),ROW()-13)-1,"")} -> 689 | Q68: {=IFERROR(INDEX(DB!G$2:G$2576,P68),"")} -> 철근콘크리트자재(철근,콘크리트,PC) | R68: {=IFERROR(INDEX(DB!O$2:O$2576,P68),"")} -> 깔림 뒤집힘 | S68: =IF(P68="","",COUNTIF($Q$14:$Q$2587,"<"&Q68)*100+COUNTIF($R$14:$R$2587,"<"&R68)+(ROW()-13)*0.001) -> 252820.05 | T68: =IFERROR(INDEX($P$14:$P$2587,MATCH(SMALL($S$14:$S$2587,ROW()-13),$S$14:$S$2587,0)),"") -> 1538
B69: =IFERROR(IF(T69="","",ROW()-13),"") -> 56 | D69: {=IFERROR(INDEX(DB!G$2:G$2576,T69),"")} -> 바닥(바닥에 걸려 넘어짐) | F69: {=IFERROR(INDEX(DB!O$2:O$2576,T69),"")} -> 떨어짐 | H69: {=IFERROR(INDEX(DB!P$2:P$2576,T69),"")} -> 2020년 5월경, OOO도 OO군 OO면 소재 OOOO(주) OOOO 보강개발사업 현장에서 재해자가 저수지 농업용수 토출조 구조물내의 플랩밸브에 연결된 송수관 용접 및 설치작업을 하다가 인근 작업차량에서 물을 마시고 토출조 내부로 돌아오던 중 제방 법면 사석위에서 미끄러져 토출조 내부로 미끄러져 추락 사망한 재해임. | J69: {=IFERROR(INDEX(DB!Q$2:Q$2576,T69),"")} -> 근로자가 이동 중 제방 법면 사석위에서 저수지 토출조 내부로 미끄러져 추락 | L69: {=IFERROR(INDEX(DB!R$2:R$2576,T69),"")} -> ▶ 작업자가 법면 상부 등으로 불필요한 이동을 금하고 작업자 이동통로 설치 ▶ 근로자가 추락하거나 넘어질 위험이 있는 상부에서 작업 시 안전난간을 설치하고 추락방지조치 실시하고 부득이한 경우 접근방책 등을 설치 ▶ 근로자가 추락하거나 넘어질 위험이 있는 상부에서 작업 시 개인보호구(안전모, 안전대 등) 지급 및 착용 | P69: {=IFERROR(_xlfn.AGGREGATE(15,6,ROW(DB!A$2:A$2576)/((($D$3<>"YES")+($D$3="YES")*(DB!E$2:E$2576="YES"))*(($D$4="")+($D$4<>"")*( DB!B$2:B$2576=$D$4))*(($D$5="")+($D$5<>"")*( DB!C$2:C$2576=$D$5))*(($D$6="")+($D$6<>"")*( DB!D$2:D$2576=$D$6))*(($D$7="")+($D$7<>"")*(ISNUMBER(SEARCH($D$7,DB!G$2:G$2576))))*(($F$7="전체")+($F$7<>"전체")*(DB!H$2:H$2576=$F$7))),ROW()-13)-1,"")} -> 690 | Q69: {=IFERROR(INDEX(DB!G$2:G$2576,P69),"")} -> 기타자재(내부마감재,시멘트,마대) | R69: {=IFERROR(INDEX(DB!O$2:O$2576,P69),"")} -> 맞음 | S69: =IF(P69="","",COUNTIF($Q$14:$Q$2587,"<"&Q69)*100+COUNTIF($R$14:$R$2587,"<"&R69)+(ROW()-13)*0.001) -> 248575.06 | T69: =IFERROR(INDEX($P$14:$P$2587,MATCH(SMALL($S$14:$S$2587,ROW()-13),$S$14:$S$2587,0)),"") -> 1548
B70: =IFERROR(IF(T70="","",ROW()-13),"") -> 57 | D70: {=IFERROR(INDEX(DB!G$2:G$2576,T70),"")} -> 배관 | F70: {=IFERROR(INDEX(DB!O$2:O$2576,T70),"")} -> 깔림 뒤집힘 | H70: {=IFERROR(INDEX(DB!P$2:P$2576,T70),"")} -> 2018년 5월경 OOO도 OO시 OOO읍 소재 OOOO 현장에서 OOOO 소속 재해자가 동료작업자 1명과 함께 기존에 설치했던 관로를 수정하기 위해 터파기 하부에서 흄관(D=800mm)을 새로 부설하던 중, 경사면 상부에 적치해 놓았던 흄관이 미끄러지면서 재해자가 깔려 사망한 재해임. | J70: {=IFERROR(INDEX(DB!Q$2:Q$2576,T70),"")} -> 크레인으로 인양된 강관파이프를 차량에 적재하던 중, 3단으로 불안정하게 적재된 강관파이프가 붕괴되어 강관파이프에 깔림 | L70: {=IFERROR(INDEX(DB!R$2:R$2576,T70),"")} -> ▶ 자재를 야적하는 경우 평탄한 곳에 적재하며 구름방지조치 실시 ▶ 경사면에서 흄관을 고정하기 위해 쐐기 등을 이용 ▶ 강관파이프를 3단이상 등 과도하게 적재 금지 | P70: {=IFERROR(_xlfn.AGGREGATE(15,6,ROW(DB!A$2:A$2576)/((($D$3<>"YES")+($D$3="YES")*(DB!E$2:E$2576="YES"))*(($D$4="")+($D$4<>"")*( DB!B$2:B$2576=$D$4))*(($D$5="")+($D$5<>"")*( DB!C$2:C$2576=$D$5))*(($D$6="")+($D$6<>"")*( DB!D$2:D$2576=$D$6))*(($D$7="")+($D$7<>"")*(ISNUMBER(SEARCH($D$7,DB!G$2:G$2576))))*(($F$7="전체")+($F$7<>"전체")*(DB!H$2:H$2576=$F$7))),ROW()-13)-1,"")} -> 691 | Q70: {=IFERROR(INDEX(DB!G$2:G$2576,P70),"")} -> 기타자재(내부마감재,시멘트,마대) | R70: {=IFERROR(INDEX(DB!O$2:O$2576,P70),"")} -> 맞음 | S70: =IF(P70="","",COUNTIF($Q$14:$Q$2587,"<"&Q70)*100+COUNTIF($R$14:$R$2587,"<"&R70)+(ROW()-13)*0.001) -> 248575.06 | T70: =IFERROR(INDEX($P$14:$P$2587,MATCH(SMALL($S$14:$S$2587,ROW()-13),$S$14:$S$2587,0)),"") -> 1576
B71: =IFERROR(IF(T71="","",ROW()-13),"") -> 58 | D71: {=IFERROR(INDEX(DB!G$2:G$2576,T71),"")} -> 배관 | F71: {=IFERROR(INDEX(DB!O$2:O$2576,T71),"")} -> 부딪힘 접촉 | H71: {=IFERROR(INDEX(DB!P$2:P$2576,T71),"")} -> 2018년 5월경 OOOO(주) OO시 관내 국도대체 우회도로 현장에서 직영근로자인 재해자가 우수관 배치작업 중 마지막 우수관을 굴삭기로 당겨 끼워넣던 중 순간적으로 우수관이 빠지면서 회전하는 우수관과 토사면 사이에 재해자의 가슴이 끼여 치료 중 사망한 재해임 | J71: {=IFERROR(INDEX(DB!Q$2:Q$2576,T71),"")} -> 굴삭기로 관부설 작업 중 관이 이탈하며 근로자와 충돌 | L71: {=IFERROR(INDEX(DB!R$2:R$2576,T71),"")} -> ▶ 관로를 굴삭기로 굴착하단부에 운반하는 작업을 하는 경우 관로가 회전하거나 슬링벨트에서 빠지는 것을 막기위해 두줄걸이를 시행하고, 관이 회전을 방지하기 위한 조치 실시 ▶ 중량물 취급 시 작업지휘자 및 신호수 배치 | P71: {=IFERROR(_xlfn.AGGREGATE(15,6,ROW(DB!A$2:A$2576)/((($D$3<>"YES")+($D$3="YES")*(DB!E$2:E$2576="YES"))*(($D$4="")+($D$4<>"")*( DB!B$2:B$2576=$D$4))*(($D$5="")+($D$5<>"")*( DB!C$2:C$2576=$D$5))*(($D$6="")+($D$6<>"")*( DB!D$2:D$2576=$D$6))*(($D$7="")+($D$7<>"")*(ISNUMBER(SEARCH($D$7,DB!G$2:G$2576))))*(($F$7="전체")+($F$7<>"전체")*(DB!H$2:H$2576=$F$7))),ROW()-13)-1,"")} -> 1162 | Q71: {=IFERROR(INDEX(DB!G$2:G$2576,P71),"")} -> 기타구조물 | R71: {=IFERROR(INDEX(DB!O$2:O$2576,P71),"")} -> 떨어짐 | S71: =IF(P71="","",COUNTIF($Q$14:$Q$2587,"<"&Q71)*100+COUNTIF($R$14:$R$2587,"<"&R71)+(ROW()-13)*0.001) -> 247851.06 | T71: =IFERROR(INDEX($P$14:$P$2587,MATCH(SMALL($S$14:$S$2587,ROW()-13),$S$14:$S$2587,0)),"") -> 1577
B72: =IFERROR(IF(T72="","",ROW()-13),"") -> 59 | D72: {=IFERROR(INDEX(DB!G$2:G$2576,T72),"")} -> 배관 | F72: {=IFERROR(INDEX(DB!O$2:O$2576,T72),"")} -> 부딪힘 접촉 | H72: {=IFERROR(INDEX(DB!P$2:P$2576,T72),"")} -> 2018년 12월경 OOO도 OO군 OO면 소재 OOOO보완사업 현장에서, 우수유도용 배수관(플륨관,400×400mm,L=2m,430kg)을 백호(06LC)로 양중하던 중, 플륨관이 낙하되면서 재해자 머리를 강타하여 사망한 것으로 추정되는 재해임. | J72: {=IFERROR(INDEX(DB!Q$2:Q$2576,T72),"")} -> 관부설 작업을 위해 굴삭기로 관 운반 작업 중 근로자와 충돌 | L72: {=IFERROR(INDEX(DB!R$2:R$2576,T72),"")} -> ▶ 관로를 굴삭기로 굴착하단부에 운반하는 작업을 하는 경우 관로가 회전하거나 슬링벨트에서 빠지는 것을 막기위해 두줄걸이를 시행하고, 관이 회전을 방지하기 위한 조치 실시 ▶ 중량물 취급 시 작업지휘자 및 신호수 배치 | P72: {=IFERROR(_xlfn.AGGREGATE(15,6,ROW(DB!A$2:A$2576)/((($D$3<>"YES")+($D$3="YES")*(DB!E$2:E$2576="YES"))*(($D$4="")+($D$4<>"")*( DB!B$2:B$2576=$D$4))*(($D$5="")+($D$5<>"")*( DB!C$2:C$2576=$D$5))*(($D$6="")+($D$6<>"")*( DB!D$2:D$2576=$D$6))*(($D$7="")+($D$7<>"")*(ISNUMBER(SEARCH($D$7,DB!G$2:G$2576))))*(($F$7="전체")+($F$7<>"전체")*(DB!H$2:H$2576=$F$7))),ROW()-13)-1,"")} -> 1163 | Q72: {=IFERROR(INDEX(DB!G$2:G$2576,P72),"")} -> 기타구조물 | R72: {=IFERROR(INDEX(DB!O$2:O$2576,P72),"")} -> 깔림 뒤집힘 | S72: =IF(P72="","",COUNTIF($Q$14:$Q$2587,"<"&Q72)*100+COUNTIF($R$14:$R$2587,"<"&R72)+(ROW()-13)*0.001) -> 247820.06 | T72: =IFERROR(INDEX($P$14:$P$2587,MATCH(SMALL($S$14:$S$2587,ROW()-13),$S$14:$S$2587,0)),"") -> 1579
B73: =IFERROR(IF(T73="","",ROW()-13),"") -> 60 | D73: {=IFERROR(INDEX(DB!G$2:G$2576,T73),"")} -> 배관 | F73: {=IFERROR(INDEX(DB!O$2:O$2576,T73),"")} -> 부딪힘 접촉 | H73: {=IFERROR(INDEX(DB!P$2:P$2576,T73),"")} -> 2020년 4월경 OOO도 OO시 OO면 소재 『OOOO 토목건축기계공사』현장에서, 재해자가 이동식 크레인(7톤, 카고크레인) 적재함에 적재되어 있는 강관(직경 700mm, 길이 6m)을 떨어지지 않도록 섬유벨트(폭 50mm, 슬링벨트)로 거는 작업 중, 강관이 재해자 방향으로 굴러 떨어지면서 재해자의 얼굴 및 가슴을 덮쳐 사망한 재해임. | J73: {=IFERROR(INDEX(DB!Q$2:Q$2576,T73),"")} -> 카고크레인 적재함에 있는 강관 하역 중 강관이 굴러 떨어지면서 충돌 | L73: {=IFERROR(INDEX(DB!R$2:R$2576,T73),"")} -> ▶ 관로를 굴삭기로 굴착하단부에 운반하는 작업을 하는 경우 관로가 회전하거나 슬링벨트에서 빠지는 것을 막기위해 두줄걸이를 시행하고, 관이 회전을 방지하기 위한 조치 실시 ▶ 중량물 취급 시 작업지휘자 및 신호수 배치 | P73: {=IFERROR(_xlfn.AGGREGATE(15,6,ROW(DB!A$2:A$2576)/((($D$3<>"YES")+($D$3="YES")*(DB!E$2:E$2576="YES"))*(($D$4="")+($D$4<>"")*( DB!B$2:B$2576=$D$4))*(($D$5="")+($D$5<>"")*( DB!C$2:C$2576=$D$5))*(($D$6="")+($D$6<>"")*( DB!D$2:D$2576=$D$6))*(($D$7="")+($D$7<>"")*(ISNUMBER(SEARCH($D$7,DB!G$2:G$2576))))*(($F$7="전체")+($F$7<>"전체")*(DB!H$2:H$2576=$F$7))),ROW()-13)-1,"")} -> 1164 | Q73: {=IFERROR(INDEX(DB!G$2:G$2576,P73),"")} -> 기타구조물 | R73: {=IFERROR(INDEX(DB!O$2:O$2576,P73),"")} -> 끼임 | S73: =IF(P73="","",COUNTIF($Q$14:$Q$2587,"<"&Q73)*100+COUNTIF($R$14:$R$2587,"<"&R73)+(ROW()-13)*0.001) -> 247844.06 | T73: =IFERROR(INDEX($P$14:$P$2587,MATCH(SMALL($S$14:$S$2587,ROW()-13),$S$14:$S$2587,0)),"") -> 1580
B74: =IFERROR(IF(T74="","",ROW()-13),"") -> 61 | D74: {=IFERROR(INDEX(DB!G$2:G$2576,T74),"")} -> 배관 | F74: {=IFERROR(INDEX(DB!O$2:O$2576,T74),"")} -> 절단 베임 찔림 | H74: {=IFERROR(INDEX(DB!P$2:P$2576,T74),"")} -> 2018년 6월경 OO시 OO군 소재 (주) OOOO/OOOO 심정공사 현장에서 협력사 소속 재해자가 천공이 완료된 심정의 공벽 붕괴 방지를 위해 PVC수도관 설치 작업을 실시하던 중 PVC관을 매달아 지지하던 와이어로프가 파단되면서 재해자의 오른쪽 다리를 절단하여 병원으로 이송하여 치료 중, 사망한 재해임. | J74: {=IFERROR(INDEX(DB!Q$2:Q$2576,T74),"")} -> PVC수도관 설치 작업 중 PVC관을 매달던 와이어로프가 손상(변형) 및 파단되어 근로자 베임 | L74: {=IFERROR(INDEX(DB!R$2:R$2576,T74),"")} -> ▶ 작업 전 와이어로프의 손상여부를 확인하고, 작업 중 와이어로프 손상 시 즉시교체 후 작업 실시 ▶ 자재 등 중량물 운반 중 작업자의 불필요한 접촉 금지 | P74: {=IFERROR(_xlfn.AGGREGATE(15,6,ROW(DB!A$2:A$2576)/((($D$3<>"YES")+($D$3="YES")*(DB!E$2:E$2576="YES"))*(($D$4="")+($D$4<>"")*( DB!B$2:B$2576=$D$4))*(($D$5="")+($D$5<>"")*( DB!C$2:C$2576=$D$5))*(($D$6="")+($D$6<>"")*( DB!D$2:D$2576=$D$6))*(($D$7="")+($D$7<>"")*(ISNUMBER(SEARCH($D$7,DB!G$2:G$2576))))*(($F$7="전체")+($F$7<>"전체")*(DB!H$2:H$2576=$F$7))),ROW()-13)-1,"")} -> 1165 | Q74: {=IFERROR(INDEX(DB!G$2:G$2576,P74),"")} -> 기타구조물 | R74: {=IFERROR(INDEX(DB!O$2:O$2576,P74),"")} -> 깔림 뒤집힘 | S74: =IF(P74="","",COUNTIF($Q$14:$Q$2587,"<"&Q74)*100+COUNTIF($R$14:$R$2587,"<"&R74)+(ROW()-13)*0.001) -> 247820.06 | T74: =IFERROR(INDEX($P$14:$P$2587,MATCH(SMALL($S$14:$S$2587,ROW()-13),$S$14:$S$2587,0)),"") -> 1578
B75: =IFERROR(IF(T75="","",ROW()-13),"") -> 62 | D75: {=IFERROR(INDEX(DB!G$2:G$2576,T75),"")} -> 배관 | F75: {=IFERROR(INDEX(DB!O$2:O$2576,T75),"")} -> 폭발 | H75: {=IFERROR(INDEX(DB!P$2:P$2576,T75),"")} -> 2020년 7월경 OOO도 OO시 OO읍 소재 OOOO(주) OOOO상수관로 유지사업 구간 내 5번 이토밸브실(깊이:4.8m) 내부에서 재해자가 전일 설치한 제수밸브의 밀림방지용 임시 지지대를 교체하기 위하여 임시 지지대(강관파이프: D48.6㎜) 4개 중 1개를 제거하는 순간, 밸브 반대편 주철관(이토관, D400㎜) 접합부가 벌어지며(이탈방지압륜이 관에서 이탈) 물이 터져 나왔고, 이로 인한 수압으로 재해자가 지상으로 튀어나와 이토밸브실로부터 약 4m 떨어진 위치에 떨어져 사망한 재해임. | J75: {=IFERROR(INDEX(DB!Q$2:Q$2576,T75),"")} -> 상수도관 이토변실 내부에서 제수밸브 교체 작업 중 주철관 접합부가 벌어지며 물이 터져 나와 수압으로 이토변실 밖으로 튕겨져 약 4m 떨어진 위치에 떨어져 사망 | L75: {=IFERROR(INDEX(DB!R$2:R$2576,T75),"")} -> ▶ 관리감독자를 두어 기계, 기구 또는 설비의 안전점검 및 이상 유무의 확인 실시 ▶ 관로 내부 가압중 갑작스러운 파단 등에 대비하기 위한 상황에 맞는 개인보호구 지급 및 착용 | P75: {=IFERROR(_xlfn.AGGREGATE(15,6,ROW(DB!A$2:A$2576)/((($D$3<>"YES")+($D$3="YES")*(DB!E$2:E$2576="YES"))*(($D$4="")+($D$4<>"")*( DB!B$2:B$2576=$D$4))*(($D$5="")+($D$5<>"")*( DB!C$2:C$2576=$D$5))*(($D$6="")+($D$6<>"")*( DB!D$2:D$2576=$D$6))*(($D$7="")+($D$7<>"")*(ISNUMBER(SEARCH($D$7,DB!G$2:G$2576))))*(($F$7="전체")+($F$7<>"전체")*(DB!H$2:H$2576=$F$7))),ROW()-13)-1,"")} -> 1166 | Q75: {=IFERROR(INDEX(DB!G$2:G$2576,P75),"")} -> 기타구조물 | R75: {=IFERROR(INDEX(DB!O$2:O$2576,P75),"")} -> 떨어짐 | S75: =IF(P75="","",COUNTIF($Q$14:$Q$2587,"<"&Q75)*100+COUNTIF($R$14:$R$2587,"<"&R75)+(ROW()-13)*0.001) -> 247851.06 | T75: =IFERROR(INDEX($P$14:$P$2587,MATCH(SMALL($S$14:$S$2587,ROW()-13),$S$14:$S$2587,0)),"") -> 1581
... B2587: =IFERROR(IF(T2587="","",ROW()-13),"") | D2587: {=IFERROR(INDEX(DB!G$2:G$2576,T2587),"")} | F2587: {=IFERROR(INDEX(DB!O$2:O$2576,T2587),"")} | H2587: {=IFERROR(INDEX(DB!P$2:P$2576,T2587),"")} | J2587: {=IFERROR(INDEX(DB!Q$2:Q$2576,T2587),"")} | L2587: {=IFERROR(INDEX(DB!R$2:R$2576,T2587),"")} | P2587: {=IFERROR(_xlfn.AGGREGATE(15,6,ROW(DB!A$2:A$2576)/((($D$3<>"YES")+($D$3="YES")*(DB!E$2:E$2576="YES"))*(($D$4="")+($D$4<>"")*( DB!B$2:B$2576=$D$4))*(($D$5="")+($D$5<>"")*( DB!C$2:C$2576=$D$5))*(($D$6="")+($D$6<>"")*( DB!D$2:D$2576=$D$6))*(($D$7="")+($D$7<>"")*(ISNUMBER(SEARCH($D$7,DB!G$2:G$2576))))*(($F$7="전체")+($F$7<>"전체")*(DB!H$2:H$2576=$F$7))),ROW()-13)-1,"")} | Q2587: {=IFERROR(INDEX(DB!G$2:G$2576,P2587),"")} | R2587: {=IFERROR(INDEX(DB!O$2:O$2576,P2587),"")} | S2587: =IF(P2587="","",COUNTIF($Q$14:$Q$2587,"<"&Q2587)*100+COUNTIF($R$14:$R$2587,"<"&R2587)+(ROW()-13)*0.001) | T2587: =IFERROR(INDEX($P$14:$P$2587,MATCH(SMALL($S$14:$S$2587,ROW()-13),$S$14:$S$2587,0)),"")

Sheet ③기인물조회
A1: 📋 기인물 중심 재해사례 분석 — 기인물 선택 → 공정·재해형태·사고사례 자동 조회
B3: ① KOEN 공정 | D3: YES | F3: ※ 기인물을 선택하면 관련 공정, 재해형태, 재해사례가 자동으로 표시됩니다. | S3: =IF(F4="12대 기인물","_드롭다운참조!$AD$2:$AD$20","_드롭다운참조!$BM$17:$BM$74") -> _드롭다운참조!$BM$17:$BM$74
B4: ② 기인물 선택 | D4: 철골(철골구조물) | E4: 구분▼ | F4: 전체
B9: 조회 결과 | D9: {=SUMPRODUCT(((($D$3<>"YES")+($D$3="YES")*(DB!E$2:E$2576="YES"))*1)*(($D$4="")+($D$4<>"")*(ISNUMBER(SEARCH($D$4,DB!G$2:G$2576))))*(($D$5="")+($D$5<>"")*(DB!B$2:B$2576=$D$5))*(($D$6="")+($D$6<>"")*(DB!C$2:C$2576=$D$6))*(($D$7="")+($D$7<>"")*(DB!D$2:D$2576=$D$7))*(($F$4="전체")+($F$4<>"전체")*(DB!H$2:H$2576=$F$4)))&"건"} -> 118건 | F9: =IF($D$4="","SIF 전체 기인물 59종","SIF 전체 기인물 59종 중") -> SIF 전체 기인물 59종 중 | H9: =IF($D$4="","",IFERROR(VLOOKUP($D$4,AY$18:AZ$226,2,0),"-")&"위 기인물") -> 3위 기인물 | L9: 🔍 조회기준 | N9: =IF(D3="YES","🏭 발전소(KOEN=YES)","전체")&IF(D4<>""," ▶ 🔧 기인물 : "&D4,"")&" → 공종·재해형태 순 정렬" -> 🏭 발전소(KOEN=YES) ▶ 🔧 기인물 : 철골(철골구조물) → 공종·재해형태 순 정렬
B16: No | D16: 🏗 공종 | F16: 🔨 작업명 | H16: 🔩 단위작업명 | J16: 🔴 재해형태 | L16: 📝 재해개요 | M16: ⚠ 재해유발요인 | O16: 🔒 위험성 감소대책 | T16: (보조) | U16: (보조) | V16: (보조) | W16: (보조) | X16: (보조) | AB16: 🔨 작업명 (건수순) | AC16: ▶ 건수 | AE16: 🔴 재해형태 (건수순) | AF16: ▶ 건수
B17: =IFERROR(IF(X17="","",ROW()-16),"") -> 1 | D17: {=IFERROR(INDEX(DB!B$2:B$2576,X17),"")} -> 12. 공통공사 | F17: {=IFERROR(INDEX(DB!C$2:C$2576,X17),"")} -> 12.1 철거, 해체 | H17: {=IFERROR(INDEX(DB!D$2:D$2576,X17),"")} -> 12.1.1 철거 및 해체 | J17: {=IFERROR(INDEX(DB!O$2:O$2576,X17),"")} -> 깔림 뒤집힘 | L17: {=IFERROR(INDEX(DB!P$2:P$2576,X17),"")} -> 2018년 3월경 OO철거공사 현장의 건물 B동 내부에서 재해자가 산소-LPG로 철골기둥을 용단한 후 건물 외부로 이동 중 붕괴되는 철골 구조물에 깔려 사망 | M17: {=IFERROR(INDEX(DB!Q$2:Q$2576,X17),"")} -> 철거공사 현장에서 산소-LPG로 철골기둥을 용단한 후 건물 외부로 이동 중 붕괴되는 철골 구조물에 깔림 | O17: {=IFERROR(INDEX(DB!R$2:R$2576,X17),"")} -> ▶ 구조물의 형상, 중량 등을 고려하여 해체의 방법 및 순서 등이 포함된 작업계획서 작성 | T17: {=IFERROR(_xlfn.AGGREGATE(15,6,ROW(DB!A$2:A$2576)/(((($D$3<>"YES")+($D$3="YES")*(DB!E$2:E$2576="YES"))*(($D$4="")+($D$4<>"")*ISNUMBER(SEARCH($D$4,DB!G$2:G$2576)))*(($D$5="")+($D$5<>"")*(DB!B$2:B$2576=$D$5))*(($D$6="")+($D$6<>"")*(DB!C$2:C$2576=$D$6))*(($D$7="")+($D$7<>"")*(DB!D$2:D$2576=$D$7))*(($F$4="전체")+($F$4<>"전체")*(DB!H$2:H$2576=$F$4)))),ROW()-16)-1,"")} -> 692 | U17: {=IFERROR(INDEX(DB!B$2:B$2576,T17),"")} -> 12. 공통공사 | V17: {=IFERROR(INDEX(DB!O$2:O$2576,T17),"")} -> 떨어짐 | W17: =IF(T17="","",COUNTIF($U$17:$U$216,"<"&U17)*100+COUNTIF($V$17:$V$216,"<"&V17)+(ROW()-16)*0.001) -> 8287.001 | X17: =IFERROR(INDEX($T$17:$T$216,MATCH(SMALL($W$17:$W$216,ROW()-16),$W$17:$W$216,0)),"") -> 698 | AB17: {=IFERROR(INDEX(AI$17:AI$66,_xlfn.AGGREGATE(15,6,ROW(AI$17:AI$66)-ROW(AI$17)+1/(AJ$17:AJ$66=LARGE(AJ$17:AJ$66,1)),1)),"")} -> 3.1 철골 작업 | AC17: =IFERROR(LARGE(AJ$17:AJ$66,1),"") -> 78 | AE17: {=IFERROR(INDEX(AM$17:AM$66,_xlfn.AGGREGATE(15,6,ROW(AM$17:AM$66)-ROW(AM$17)+1/(AN$17:AN$66=LARGE(AN$17:AN$66,1)),1)),"")} -> 떨어짐 | AF17: =IFERROR(LARGE(AN$17:AN$66,1),"") -> 103 | AH17: {=IF(AG17="","",SUMPRODUCT(((($D$4="")+($D$4<>"")*ISNUMBER(SEARCH($D$4,DB!$G$2:$G$2576)))*(($D$3<>"YES")+($D$3="YES")*(DB!$E$2:$E$2576="YES"))*(($F$4="전체")+($F$4<>"전체")*(DB!$H$2:$H$2576=$F$4)))*(DB!$B$2:$B$2576=AG17)*1))} | AI17: {=IFERROR(INDEX(DB!$C$2:$C$2576,_xlfn.AGGREGATE(15,6,ROW(DB!$C$2:$C$2576)-1/((($D$4="")+($D$4<>"")*ISNUMBER(SEARCH($D$4,DB!$G$2:$G$2576)))*(($D$3<>"YES")+($D$3="YES")*(DB!$E$2:$E$2576="YES"))*(($D$5="")+($D$5<>"")*(DB!$B$2:$B$2576=$D$5))*(($D$6="")+($D$6<>"")*(DB!$C$2:$C$2576=$D$6))*(($D$7="")+($D$7<>"")*(DB!$D$2:$D$2576=$D$7))*(($F$4="전체")+($F$4<>"전체")*(DB!$H$2:$H$2576=$F$4))*(COUNTIF(AI$1:AI$16,DB!$C$2:$C$2576)=0)),1)),"")} -> 12.1 철거, 해체 | AJ17: {=IF(AI17="","",SUMPRODUCT(((($D$4="")+($D$4<>"")*ISNUMBER(SEARCH($D$4,DB!$G$2:$G$2576)))*(($D$3<>"YES")+($D$3="YES")*(DB!$E$2:$E$2576="YES"))*(($D$5="")+($D$5<>"")*(DB!$B$2:$B$2576=$D$5))*(($D$6="")+($D$6<>"")*(DB!$C$2:$C$2576=$D$6))*(($D$7="")+($D$7<>"")*(DB!$D$2:$D$2576=$D$7))*(($F$4="전체")+($F$4<>"전체")*(DB!$H$2:$H$2576=$F$4)))*(DB!$C$2:$C$2576=AI17)*1))} -> 8 | AK17: {=IFERROR(INDEX(DB!$D$2:$D$2576,_xlfn.AGGREGATE(15,6,ROW(DB!$D$2:$D$2576)-1/((($D$4="")+($D$4<>"")*ISNUMBER(SEARCH($D$4,DB!$G$2:$G$2576)))*(($D$3<>"YES")+($D$3="YES")*(DB!$E$2:$E$2576="YES"))*(($F$4="전체")+($F$4<>"전체")*(DB!$H$2:$H$2576=$F$4))*(COUNTIF(AK$16:AK16,DB!$D$2:$D$2576)=0)),1)),"")} -> 12.1.1 철거 및 해체 | AL17: {=IF(AK17="","",SUMPRODUCT(((($D$4="")+($D$4<>"")*ISNUMBER(SEARCH($D$4,DB!$G$2:$G$2576)))*(($D$3<>"YES")+($D$3="YES")*(DB!$E$2:$E$2576="YES"))*(($F$4="전체")+($F$4<>"전체")*(DB!$H$2:$H$2576=$F$4)))*(DB!$D$2:$D$2576=AK17)*1))} -> 8 | AM17: {=IFERROR(INDEX(DB!$O$2:$O$2576,_xlfn.AGGREGATE(15,6,ROW(DB!$O$2:$O$2576)-1/((($D$4="")+($D$4<>"")*ISNUMBER(SEARCH($D$4,DB!$G$2:$G$2576)))*(($D$3<>"YES")+($D$3="YES")*(DB!$E$2:$E$2576="YES"))*(($D$5="")+($D$5<>"")*(DB!$B$2:$B$2576=$D$5))*(($D$6="")+($D$6<>"")*(DB!$C$2:$C$2576=$D$6))*(($D$7="")+($D$7<>"")*(DB!$D$2:$D$2576=$D$7))*(($F$4="전체")+($F$4<>"전체")*(DB!$H$2:$H$2576=$F$4))*(COUNTIF(AM$1:AM$16,DB!$O$2:$O$2576)=0)),1)),"")} -> 떨어짐 | AN17: {=IF(AM17="","",SUMPRODUCT(((($D$4="")+($D$4<>"")*ISNUMBER(SEARCH($D$4,DB!$G$2:$G$2576)))*(($D$3<>"YES")+($D$3="YES")*(DB!$E$2:$E$2576="YES"))*(($D$5="")+($D$5<>"")*(DB!$B$2:$B$2576=$D$5))*(($D$6="")+($D$6<>"")*(DB!$C$2:$C$2576=$D$6))*(($D$7="")+($D$7<>"")*(DB!$D$2:$D$2576=$D$7))*(($F$4="전체")+($F$4<>"전체")*(DB!$H$2:$H$2576=$F$4)))*(DB!$O$2:$O$2576=AM17)*1))} -> 103 | AY17: 기인물 | AZ17: 순위 | BA17: 건수 | BB17: 비율
B18: =IFERROR(IF(X18="","",ROW()-16),"") -> 2 | D18: {=IFERROR(INDEX(DB!B$2:B$2576,X18),"")} -> 12. 공통공사 | F18: {=IFERROR(INDEX(DB!C$2:C$2576,X18),"")} -> 12.1 철거, 해체 | H18: {=IFERROR(INDEX(DB!D$2:D$2576,X18),"")} -> 12.1.1 철거 및 해체 | J18: {=IFERROR(INDEX(DB!O$2:O$2576,X18),"")} -> 떨어짐 | L18: {=IFERROR(INDEX(DB!P$2:P$2576,X18),"")} -> 2016년 1월경 OO기계설비 철거공사 현장에서 재해자가 천정크레인 주행빔(H-700×300×13×24)에 설치된 고정용 볼트를 해체하고, 승하강설비가 설치된 장소로 이동하던 중 몸의 중심을 잃고 지상 콘크리트바닥(H≒8.94m)으로 추락하여 사망 | M18: {=IFERROR(INDEX(DB!Q$2:Q$2576,X18),"")} -> 철골빔 상부에서 안전대를 미착용하던 재해자가 이동하던 중 몸의 중심을 잃고 바닥으로 추락 | O18: {=IFERROR(INDEX(DB!R$2:R$2576,X18),"")} -> ▶ 안전대 부착설비, 추락방지망 등의 안전방호조치 실시 ▶ 근로자 개인보호구, 안전대 체결여부 점검 및 관리감독 | T18: {=IFERROR(_xlfn.AGGREGATE(15,6,ROW(DB!A$2:A$2576)/(((($D$3<>"YES")+($D$3="YES")*(DB!E$2:E$2576="YES"))*(($D$4="")+($D$4<>"")*ISNUMBER(SEARCH($D$4,DB!G$2:G$2576)))*(($D$5="")+($D$5<>"")*(DB!B$2:B$2576=$D$5))*(($D$6="")+($D$6<>"")*(DB!C$2:C$2576=$D$6))*(($D$7="")+($D$7<>"")*(DB!D$2:D$2576=$D$7))*(($F$4="전체")+($F$4<>"전체")*(DB!H$2:H$2576=$F$4)))),ROW()-16)-1,"")} -> 693 | U18: {=IFERROR(INDEX(DB!B$2:B$2576,T18),"")} -> 12. 공통공사 | V18: {=IFERROR(INDEX(DB!O$2:O$2576,T18),"")} -> 떨어짐 | W18: =IF(T18="","",COUNTIF($U$17:$U$216,"<"&U18)*100+COUNTIF($V$17:$V$216,"<"&V18)+(ROW()-16)*0.001) -> 8287.002 | X18: =IFERROR(INDEX($T$17:$T$216,MATCH(SMALL($W$17:$W$216,ROW()-16),$W$17:$W$216,0)),"") -> 692 | AB18: {=IFERROR(INDEX(AI$17:AI$66,_xlfn.AGGREGATE(15,6,ROW(AI$17:AI$66)-ROW(AI$17)+1/(AJ$17:AJ$66=LARGE(AJ$17:AJ$66,2)),COUNTIF(AC$17:AC17,LARGE(AJ$17:AJ$66,2))+1)),"")} -> 4.8 판넬 등 외부마감 작업 | AC18: =IFERROR(LARGE(AJ$17:AJ$66,2),"") -> 9 | AE18: {=IFERROR(INDEX(AM$17:AM$66,_xlfn.AGGREGATE(15,6,ROW(AM$17:AM$66)-ROW(AM$17)+1/(AN$17:AN$66=LARGE(AN$17:AN$66,2)),COUNTIF(AF$17:AF17,LARGE(AN$17:AN$66,2))+1)),"")} -> 무너짐 | AF18: =IFERROR(LARGE(AN$17:AN$66,2),"") -> 7 | AH18: {=IF(AG18="","",SUMPRODUCT(((($D$4="")+($D$4<>"")*ISNUMBER(SEARCH($D$4,DB!$G$2:$G$2576)))*(($D$3<>"YES")+($D$3="YES")*(DB!$E$2:$E$2576="YES"))*(($F$4="전체")+($F$4<>"전체")*(DB!$H$2:$H$2576=$F$4)))*(DB!$B$2:$B$2576=AG18)*1))} | AI18: {=IFERROR(INDEX(DB!$C$2:$C$2576,_xlfn.AGGREGATE(15,6,ROW(DB!$C$2:$C$2576)-1/((($D$4="")+($D$4<>"")*ISNUMBER(SEARCH($D$4,DB!$G$2:$G$2576)))*(($D$3<>"YES")+($D$3="YES")*(DB!$E$2:$E$2576="YES"))*(($D$5="")+($D$5<>"")*(DB!$B$2:$B$2576=$D$5))*(($D$6="")+($D$6<>"")*(DB!$C$2:$C$2576=$D$6))*(($D$7="")+($D$7<>"")*(DB!$D$2:$D$2576=$D$7))*(($F$4="전체")+($F$4<>"전체")*(DB!$H$2:$H$2576=$F$4))*(COUNTIF(AI$17:AI17,DB!$C$2:$C$2576)=0)),1)),"")} -> 12.7 기타(작업환경, 청소 등) | AJ18: {=IF(AI18="","",SUMPRODUCT(((($D$4="")+($D$4<>"")*ISNUMBER(SEARCH($D$4,DB!$G$2:$G$2576)))*(($D$3<>"YES")+($D$3="YES")*(DB!$E$2:$E$2576="YES"))*(($D$5="")+($D$5<>"")*(DB!$B$2:$B$2576=$D$5))*(($D$6="")+($D$6<>"")*(DB!$C$2:$C$2576=$D$6))*(($D$7="")+($D$7<>"")*(DB!$D$2:$D$2576=$D$7))*(($F$4="전체")+($F$4<>"전체")*(DB!$H$2:$H$2576=$F$4)))*(DB!$C$2:$C$2576=AI18)*1))} -> 2 | AK18: {=IFERROR(INDEX(DB!$D$2:$D$2576,_xlfn.AGGREGATE(15,6,ROW(DB!$D$2:$D$2576)-1/((($D$4="")+($D$4<>"")*ISNUMBER(SEARCH($D$4,DB!$G$2:$G$2576)))*(($D$3<>"YES")+($D$3="YES")*(DB!$E$2:$E$2576="YES"))*(($F$4="전체")+($F$4<>"전체")*(DB!$H$2:$H$2576=$F$4))*(COUNTIF(AK$16:AK17,DB!$D$2:$D$2576)=0)),2)),"")} -> 12.7.1 기타(작업환경, 청소 등) | AL18: {=IF(AK18="","",SUMPRODUCT(((($D$4="")+($D$4<>"")*ISNUMBER(SEARCH($D$4,DB!$G$2:$G$2576)))*(($D$3<>"YES")+($D$3="YES")*(DB!$E$2:$E$2576="YES"))*(($F$4="전체")+($F$4<>"전체")*(DB!$H$2:$H$2576=$F$4)))*(DB!$D$2:$D$2576=AK18)*1))} -> 2 | AM18: {=IFERROR(INDEX(DB!$O$2:$O$2576,_xlfn.AGGREGATE(15,6,ROW(DB!$O$2:$O$2576)-1/((($D$4="")+($D$4<>"")*ISNUMBER(SEARCH($D$4,DB!$G$2:$G$2576)))*(($D$3<>"YES")+($D$3="YES")*(DB!$E$2:$E$2576="YES"))*(($D$5="")+($D$5<>"")*(DB!$B$2:$B$2576=$D$5))*(($D$6="")+($D$6<>"")*(DB!$C$2:$C$2576=$D$6))*(($D$7="")+($D$7<>"")*(DB!$D$2:$D$2576=$D$7))*(($F$4="전체")+($F$4<>"전체")*(DB!$H$2:$H$2576=$F$4))*(COUNTIF(AM$17:AM17,DB!$O$2:$O$2576)=0)),1)),"")} -> 깔림 뒤집힘 | AN18: {=IF(AM18="","",SUMPRODUCT(((($D$4="")+($D$4<>"")*ISNUMBER(SEARCH($D$4,DB!$G$2:$G$2576)))*(($D$3<>"YES")+($D$3="YES")*(DB!$E$2:$E$2576="YES"))*(($D$5="")+($D$5<>"")*(DB!$B$2:$B$2576=$D$5))*(($D$6="")+($D$6<>"")*(DB!$C$2:$C$2576=$D$6))*(($D$7="")+($D$7<>"")*(DB!$D$2:$D$2576=$D$7))*(($F$4="전체")+($F$4<>"전체")*(DB!$H$2:$H$2576=$F$4)))*(DB!$O$2:$O$2576=AM18)*1))} -> 2 | AY18: 지붕(처마,홈통) | AZ18: 1 | BA18: 129 | BB18: 0.05011655
B19: =IFERROR(IF(X19="","",ROW()-16),"") -> 3 | D19: {=IFERROR(INDEX(DB!B$2:B$2576,X19),"")} -> 12. 공통공사 | F19: {=IFERROR(INDEX(DB!C$2:C$2576,X19),"")} -> 12.1 철거, 해체 | H19: {=IFERROR(INDEX(DB!D$2:D$2576,X19),"")} -> 12.1.1 철거 및 해체 | J19: {=IFERROR(INDEX(DB!O$2:O$2576,X19),"")} -> 떨어짐 | L19: {=IFERROR(INDEX(DB!P$2:P$2576,X19),"")} -> 2016년 4월경 OO철거현장에서 재해자가 해체작업으로 지상3층 부분 철골빔(폭20cm)상부를 이동하던 중 몸의 중심을 잃고 약 8m아래 지상 바닥으로 추락하여 사망 | M19: {=IFERROR(INDEX(DB!Q$2:Q$2576,X19),"")} -> 철골빔 상부에서 안전대를 미착용하던 재해자가 이동하던 중 몸의 중심을 잃고 바닥으로 추락 | O19: {=IFERROR(INDEX(DB!R$2:R$2576,X19),"")} -> ▶ 안전대 부착설비, 추락방지망 등의 안전방호조치 실시 ▶ 근로자 개인보호구, 안전대 체결여부 점검 및 관리감독 | T19: {=IFERROR(_xlfn.AGGREGATE(15,6,ROW(DB!A$2:A$2576)/(((($D$3<>"YES")+($D$3="YES")*(DB!E$2:E$2576="YES"))*(($D$4="")+($D$4<>"")*ISNUMBER(SEARCH($D$4,DB!G$2:G$2576)))*(($D$5="")+($D$5<>"")*(DB!B$2:B$2576=$D$5))*(($D$6="")+($D$6<>"")*(DB!C$2:C$2576=$D$6))*(($D$7="")+($D$7<>"")*(DB!D$2:D$2576=$D$7))*(($F$4="전체")+($F$4<>"전체")*(DB!H$2:H$2576=$F$4)))),ROW()-16)-1,"")} -> 698 | U19: {=IFERROR(INDEX(DB!B$2:B$2576,T19),"")} -> 12. 공통공사 | V19: {=IFERROR(INDEX(DB!O$2:O$2576,T19),"")} -> 깔림 뒤집힘 | W19: =IF(T19="","",COUNTIF($U$17:$U$216,"<"&U19)*100+COUNTIF($V$17:$V$216,"<"&V19)+(ROW()-16)*0.001) -> 8282.003 | X19: =IFERROR(INDEX($T$17:$T$216,MATCH(SMALL($W$17:$W$216,ROW()-16),$W$17:$W$216,0)),"") -> 693 | AB19: {=IFERROR(INDEX(AI$17:AI$66,_xlfn.AGGREGATE(15,6,ROW(AI$17:AI$66)-ROW(AI$17)+1/(AJ$17:AJ$66=LARGE(AJ$17:AJ$66,3)),COUNTIF(AC$17:AC18,LARGE(AJ$17:AJ$66,3))+1)),"")} -> 12.1 철거, 해체 | AC19: =IFERROR(LARGE(AJ$17:AJ$66,3),"") -> 8 | AE19: {=IFERROR(INDEX(AM$17:AM$66,_xlfn.AGGREGATE(15,6,ROW(AM$17:AM$66)-ROW(AM$17)+1/(AN$17:AN$66=LARGE(AN$17:AN$66,3)),COUNTIF(AF$17:AF18,LARGE(AN$17:AN$66,3))+1)),"")} -> 깔림 뒤집힘 | AF19: =IFERROR(LARGE(AN$17:AN$66,3),"") -> 2 | AH19: {=IF(AG19="","",SUMPRODUCT(((($D$4="")+($D$4<>"")*ISNUMBER(SEARCH($D$4,DB!$G$2:$G$2576)))*(($D$3<>"YES")+($D$3="YES")*(DB!$E$2:$E$2576="YES"))*(($F$4="전체")+($F$4<>"전체")*(DB!$H$2:$H$2576=$F$4)))*(DB!$B$2:$B$2576=AG19)*1))} | AI19: {=IFERROR(INDEX(DB!$C$2:$C$2576,_xlfn.AGGREGATE(15,6,ROW(DB!$C$2:$C$2576)-1/((($D$4="")+($D$4<>"")*ISNUMBER(SEARCH($D$4,DB!$G$2:$G$2576)))*(($D$3<>"YES")+($D$3="YES")*(DB!$E$2:$E$2576="YES"))*(($D$5="")+($D$5<>"")*(DB!$B$2:$B$2576=$D$5))*(($D$6="")+($D$6<>"")*(DB!$C$2:$C$2576=$D$6))*(($D$7="")+($D$7<>"")*(DB!$D$2:$D$2576=$D$7))*(($F$4="전체")+($F$4<>"전체")*(DB!$H$2:$H$2576=$F$4))*(COUNTIF(AI$17:AI18,DB!$C$2:$C$2576)=0)),1)),"")} -> 2.1 거푸집 작업 | AJ19: {=IF(AI19="","",SUMPRODUCT(((($D$4="")+($D$4<>"")*ISNUMBER(SEARCH($D$4,DB!$G$2:$G$2576)))*(($D$3<>"YES")+($D$3="YES")*(DB!$E$2:$E$2576="YES"))*(($D$5="")+($D$5<>"")*(DB!$B$2:$B$2576=$D$5))*(($D$6="")+($D$6<>"")*(DB!$C$2:$C$2576=$D$6))*(($D$7="")+($D$7<>"")*(DB!$D$2:$D$2576=$D$7))*(($F$4="전체")+($F$4<>"전체")*(DB!$H$2:$H$2576=$F$4)))*(DB!$C$2:$C$2576=AI19)*1))} -> 1 | AK19: {=IFERROR(INDEX(DB!$D$2:$D$2576,_xlfn.AGGREGATE(15,6,ROW(DB!$D$2:$D$2576)-1/((($D$4="")+($D$4<>"")*ISNUMBER(SEARCH($D$4,DB!$G$2:$G$2576)))*(($D$3<>"YES")+($D$3="YES")*(DB!$E$2:$E$2576="YES"))*(($F$4="전체")+($F$4<>"전체")*(DB!$H$2:$H$2576=$F$4))*(COUNTIF(AK$16:AK18,DB!$D$2:$D$2576)=0)),3)),"")} -> 2.4.2 콘크리트 타설 및 다짐 | AL19: {=IF(AK19="","",SUMPRODUCT(((($D$4="")+($D$4<>"")*ISNUMBER(SEARCH($D$4,DB!$G$2:$G$2576)))*(($D$3<>"YES")+($D$3="YES")*(DB!$E$2:$E$2576="YES"))*(($F$4="전체")+($F$4<>"전체")*(DB!$H$2:$H$2576=$F$4)))*(DB!$D$2:$D$2576=AK19)*1))} -> 7 | AM19: {=IFERROR(INDEX(DB!$O$2:$O$2576,_xlfn.AGGREGATE(15,6,ROW(DB!$O$2:$O$2576)-1/((($D$4="")+($D$4<>"")*ISNUMBER(SEARCH($D$4,DB!$G$2:$G$2576)))*(($D$3<>"YES")+($D$3="YES")*(DB!$E$2:$E$2576="YES"))*(($D$5="")+($D$5<>"")*(DB!$B$2:$B$2576=$D$5))*(($D$6="")+($D$6<>"")*(DB!$C$2:$C$2576=$D$6))*(($D$7="")+($D$7<>"")*(DB!$D$2:$D$2576=$D$7))*(($F$4="전체")+($F$4<>"전체")*(DB!$H$2:$H$2576=$F$4))*(COUNTIF(AM$17:AM18,DB!$O$2:$O$2576)=0)),1)),"")} -> 맞음 | AN19: {=IF(AM19="","",SUMPRODUCT(((($D$4="")+($D$4<>"")*ISNUMBER(SEARCH($D$4,DB!$G$2:$G$2576)))*(($D$3<>"YES")+($D$3="YES")*(DB!$E$2:$E$2576="YES"))*(($D$5="")+($D$5<>"")*(DB!$B$2:$B$2576=$D$5))*(($D$6="")+($D$6<>"")*(DB!$C$2:$C$2576=$D$6))*(($D$7="")+($D$7<>"")*(DB!$D$2:$D$2576=$D$7))*(($F$4="전체")+($F$4<>"전체")*(DB!$H$2:$H$2576=$F$4)))*(DB!$O$2:$O$2576=AM19)*1))} -> 1 | AY19: 비계 | AZ19: 2 | BA19: 129 | BB19: 0.05011655
B20: =IFERROR(IF(X20="","",ROW()-16),"") -> 4 | D20: {=IFERROR(INDEX(DB!B$2:B$2576,X20),"")} -> 12. 공통공사 | F20: {=IFERROR(INDEX(DB!C$2:C$2576,X20),"")} -> 12.1 철거, 해체 | H20: {=IFERROR(INDEX(DB!D$2:D$2576,X20),"")} -> 12.1.1 철거 및 해체 | J20: {=IFERROR(INDEX(DB!O$2:O$2576,X20),"")} -> 떨어짐 | L20: {=IFERROR(INDEX(DB!P$2:P$2576,X20),"")} -> 2018년 8월경 OO철탑 철거현장에서 재해자가 철골 기둥 해체 작업 중 접합부의 마지막 볼트를 해체하는 순간 상·하부 주각이 순간 벌어졌고 그 사이로 U자걸이가 빠지면서 10m 아래 바닥으로 추락하여 사망 | M20: {=IFERROR(INDEX(DB!Q$2:Q$2576,X20),"")} -> 통신철탑 철거현장에서 철탑 철거를 위한 접합부 볼트 해체작업에서 마지막 볼트 해체 순간 상·하부 주각이 벌어지면서 U자걸이 안전대가 벌어진 사이로 빠지면서 바닥으로 추락 | O20: {=IFERROR(INDEX(DB!R$2:R$2576,X20),"")} -> ▶ 추락방호망, 안전대 부착설비 설치 ▶ 철골해체 작업계획서 작성 | T20: {=IFERROR(_xlfn.AGGREGATE(15,6,ROW(DB!A$2:A$2576)/(((($D$3<>"YES")+($D$3="YES")*(DB!E$2:E$2576="YES"))*(($D$4="")+($D$4<>"")*ISNUMBER(SEARCH($D$4,DB!G$2:G$2576)))*(($D$5="")+($D$5<>"")*(DB!B$2:B$2576=$D$5))*(($D$6="")+($D$6<>"")*(DB!C$2:C$2576=$D$6))*(($D$7="")+($D$7<>"")*(DB!D$2:D$2576=$D$7))*(($F$4="전체")+($F$4<>"전체")*(DB!H$2:H$2576=$F$4)))),ROW()-16)-1,"")} -> 702 | U20: {=IFERROR(INDEX(DB!B$2:B$2576,T20),"")} -> 12. 공통공사 | V20: {=IFERROR(INDEX(DB!O$2:O$2576,T20),"")} -> 떨어짐 | W20: =IF(T20="","",COUNTIF($U$17:$U$216,"<"&U20)*100+COUNTIF($V$17:$V$216,"<"&V20)+(ROW()-16)*0.001) -> 8287.004 | X20: =IFERROR(INDEX($T$17:$T$216,MATCH(SMALL($W$17:$W$216,ROW()-16),$W$17:$W$216,0)),"") -> 702 | AB20: {=IFERROR(INDEX(AI$17:AI$66,_xlfn.AGGREGATE(15,6,ROW(AI$17:AI$66)-ROW(AI$17)+1/(AJ$17:AJ$66=LARGE(AJ$17:AJ$66,4)),COUNTIF(AC$17:AC19,LARGE(AJ$17:AJ$66,4))+1)),"")} -> 2.4 콘크리트 작업 | AC20: =IFERROR(LARGE(AJ$17:AJ$66,4),"") -> 7 | AE20: {=IFERROR(INDEX(AM$17:AM$66,_xlfn.AGGREGATE(15,6,ROW(AM$17:AM$66)-ROW(AM$17)+1/(AN$17:AN$66=LARGE(AN$17:AN$66,4)),COUNTIF(AF$17:AF19,LARGE(AN$17:AN$66,4))+1)),"")} -> 끼임 | AF20: =IFERROR(LARGE(AN$17:AN$66,4),"") -> 2 | AH20: {=IF(AG20="","",SUMPRODUCT(((($D$4="")+($D$4<>"")*ISNUMBER(SEARCH($D$4,DB!$G$2:$G$2576)))*(($D$3<>"YES")+($D$3="YES")*(DB!$E$2:$E$2576="YES"))*(($F$4="전체")+($F$4<>"전체")*(DB!$H$2:$H$2576=$F$4)))*(DB!$B$2:$B$2576=AG20)*1))} | AI20: {=IFERROR(INDEX(DB!$C$2:$C$2576,_xlfn.AGGREGATE(15,6,ROW(DB!$C$2:$C$2576)-1/((($D$4="")+($D$4<>"")*ISNUMBER(SEARCH($D$4,DB!$G$2:$G$2576)))*(($D$3<>"YES")+($D$3="YES")*(DB!$E$2:$E$2576="YES"))*(($D$5="")+($D$5<>"")*(DB!$B$2:$B$2576=$D$5))*(($D$6="")+($D$6<>"")*(DB!$C$2:$C$2576=$D$6))*(($D$7="")+($D$7<>"")*(DB!$D$2:$D$2576=$D$7))*(($F$4="전체")+($F$4<>"전체")*(DB!$H$2:$H$2576=$F$4))*(COUNTIF(AI$17:AI19,DB!$C$2:$C$2576)=0)),1)),"")} -> 2.4 콘크리트 작업 | AJ20: {=IF(AI20="","",SUMPRODUCT(((($D$4="")+($D$4<>"")*ISNUMBER(SEARCH($D$4,DB!$G$2:$G$2576)))*(($D$3<>"YES")+($D$3="YES")*(DB!$E$2:$E$2576="YES"))*(($D$5="")+($D$5<>"")*(DB!$B$2:$B$2576=$D$5))*(($D$6="")+($D$6<>"")*(DB!$C$2:$C$2576=$D$6))*(($D$7="")+($D$7<>"")*(DB!$D$2:$D$2576=$D$7))*(($F$4="전체")+($F$4<>"전체")*(DB!$H$2:$H$2576=$F$4)))*(DB!$C$2:$C$2576=AI20)*1))} -> 7 | AK20: {=IFERROR(INDEX(DB!$D$2:$D$2576,_xlfn.AGGREGATE(15,6,ROW(DB!$D$2:$D$2576)-1/((($D$4="")+($D$4<>"")*ISNUMBER(SEARCH($D$4,DB!$G$2:$G$2576)))*(($D$3<>"YES")+($D$3="YES")*(DB!$E$2:$E$2576="YES"))*(($F$4="전체")+($F$4<>"전체")*(DB!$H$2:$H$2576=$F$4))*(COUNTIF(AK$16:AK19,DB!$D$2:$D$2576)=0)),4)),"")} -> 3.1.1 철골 부재반입 및 운반 | AL20: {=IF(AK20="","",SUMPRODUCT(((($D$4="")+($D$4<>"")*ISNUMBER(SEARCH($D$4,DB!$G$2:$G$2576)))*(($D$3<>"YES")+($D$3="YES")*(DB!$E$2:$E$2576="YES"))*(($F$4="전체")+($F$4<>"전체")*(DB!$H$2:$H$2576=$F$4)))*(DB!$D$2:$D$2576=AK20)*1))} -> 5 | AM20: {=IFERROR(INDEX(DB!$O$2:$O$2576,_xlfn.AGGREGATE(15,6,ROW(DB!$O$2:$O$2576)-1/((($D$4="")+($D$4<>"")*ISNUMBER(SEARCH($D$4,DB!$G$2:$G$2576)))*(($D$3<>"YES")+($D$3="YES")*(DB!$E$2:$E$2576="YES"))*(($D$5="")+($D$5<>"")*(DB!$B$2:$B$2576=$D$5))*(($D$6="")+($D$6<>"")*(DB!$C$2:$C$2576=$D$6))*(($D$7="")+($D$7<>"")*(DB!$D$2:$D$2576=$D$7))*(($F$4="전체")+($F$4<>"전체")*(DB!$H$2:$H$2576=$F$4))*(COUNTIF(AM$17:AM19,DB!$O$2:$O$2576)=0)),1)),"")} -> 무너짐 | AN20: {=IF(AM20="","",SUMPRODUCT(((($D$4="")+($D$4<>"")*ISNUMBER(SEARCH($D$4,DB!$G$2:$G$2576)))*(($D$3<>"YES")+($D$3="YES")*(DB!$E$2:$E$2576="YES"))*(($D$5="")+($D$5<>"")*(DB!$B$2:$B$2576=$D$5))*(($D$6="")+($D$6<>"")*(DB!$C$2:$C$2576=$D$6))*(($D$7="")+($D$7<>"")*(DB!$D$2:$D$2576=$D$7))*(($F$4="전체")+($F$4<>"전체")*(DB!$H$2:$H$2576=$F$4)))*(DB!$O$2:$O$2576=AM20)*1))} -> 7 | AY20: 철골(철골구조물) | AZ20: 3 | BA20: 118 | BB20: 0.045843046
B21: =IFERROR(IF(X21="","",ROW()-16),"") -> 5 | D21: {=IFERROR(INDEX(DB!B$2:B$2576,X21),"")} -> 12. 공통공사 | F21: {=IFERROR(INDEX(DB!C$2:C$2576,X21),"")} -> 12.1 철거, 해체 | H21: {=IFERROR(INDEX(DB!D$2:D$2576,X21),"")} -> 12.1.1 철거 및 해체 | J21: {=IFERROR(INDEX(DB!O$2:O$2576,X21),"")} -> 떨어짐 | L21: {=IFERROR(INDEX(DB!P$2:P$2576,X21),"")} -> 2019년 11월경 OO공장 철거공사 현장에서 재해자가 바닥에 놓여진 겐트리크레인의 해체 및 반출을 위해 거더 상부의 핸드레일 절단작업을 하던 중 3m 아래로 추락하여 사망 | M21: {=IFERROR(INDEX(DB!Q$2:Q$2576,X21),"")} -> 크레인으로 인양한 작업대에서 외장패널을 설치하던 중 작업대가 흔들려 몸의 균형을 잃고 바닥으로 추락 | O21: {=IFERROR(INDEX(DB!R$2:R$2576,X21),"")} -> ▶ 고소작업 시 양중기를 이용한 불안정한 작업방법을 대체하여 고소작업대 등을 배치 후 작업 진행 ▶ 고소작업 시 근로자에게 안전대를 지급하고 착용 관리감독 | T21: {=IFERROR(_xlfn.AGGREGATE(15,6,ROW(DB!A$2:A$2576)/(((($D$3<>"YES")+($D$3="YES")*(DB!E$2:E$2576="YES"))*(($D$4="")+($D$4<>"")*ISNUMBER(SEARCH($D$4,DB!G$2:G$2576)))*(($D$5="")+($D$5<>"")*(DB!B$2:B$2576=$D$5))*(($D$6="")+($D$6<>"")*(DB!C$2:C$2576=$D$6))*(($D$7="")+($D$7<>"")*(DB!D$2:D$2576=$D$7))*(($F$4="전체")+($F$4<>"전체")*(DB!H$2:H$2576=$F$4)))),ROW()-16)-1,"")} -> 703 | U21: {=IFERROR(INDEX(DB!B$2:B$2576,T21),"")} -> 12. 공통공사 | V21: {=IFERROR(INDEX(DB!O$2:O$2576,T21),"")} -> 떨어짐 | W21: =IF(T21="","",COUNTIF($U$17:$U$216,"<"&U21)*100+COUNTIF($V$17:$V$216,"<"&V21)+(ROW()-16)*0.001) -> 8287.005 | X21: =IFERROR(INDEX($T$17:$T$216,MATCH(SMALL($W$17:$W$216,ROW()-16),$W$17:$W$216,0)),"") -> 703 | AB21: {=IFERROR(INDEX(AI$17:AI$66,_xlfn.AGGREGATE(15,6,ROW(AI$17:AI$66)-ROW(AI$17)+1/(AJ$17:AJ$66=LARGE(AJ$17:AJ$66,5)),COUNTIF(AC$17:AC20,LARGE(AJ$17:AJ$66,5))+1)),"")} -> 4.5 금속 및 잡철물 작업 | AC21: =IFERROR(LARGE(AJ$17:AJ$66,5),"") -> 6 | AE21: {=IFERROR(INDEX(AM$17:AM$66,_xlfn.AGGREGATE(15,6,ROW(AM$17:AM$66)-ROW(AM$17)+1/(AN$17:AN$66=LARGE(AN$17:AN$66,5)),COUNTIF(AF$17:AF20,LARGE(AN$17:AN$66,5))+1)),"")} -> 맞음 | AF21: =IFERROR(LARGE(AN$17:AN$66,5),"") -> 1 | AH21: {=IF(AG21="","",SUMPRODUCT(((($D$4="")+($D$4<>"")*ISNUMBER(SEARCH($D$4,DB!$G$2:$G$2576)))*(($D$3<>"YES")+($D$3="YES")*(DB!$E$2:$E$2576="YES"))*(($F$4="전체")+($F$4<>"전체")*(DB!$H$2:$H$2576=$F$4)))*(DB!$B$2:$B$2576=AG21)*1))} | AI21: {=IFERROR(INDEX(DB!$C$2:$C$2576,_xlfn.AGGREGATE(15,6,ROW(DB!$C$2:$C$2576)-1/((($D$4="")+($D$4<>"")*ISNUMBER(SEARCH($D$4,DB!$G$2:$G$2576)))*(($D$3<>"YES")+($D$3="YES")*(DB!$E$2:$E$2576="YES"))*(($D$5="")+($D$5<>"")*(DB!$B$2:$B$2576=$D$5))*(($D$6="")+($D$6<>"")*(DB!$C$2:$C$2576=$D$6))*(($D$7="")+($D$7<>"")*(DB!$D$2:$D$2576=$D$7))*(($F$4="전체")+($F$4<>"전체")*(DB!$H$2:$H$2576=$F$4))*(COUNTIF(AI$17:AI20,DB!$C$2:$C$2576)=0)),1)),"")} -> 3.1 철골 작업 | AJ21: {=IF(AI21="","",SUMPRODUCT(((($D$4="")+($D$4<>"")*ISNUMBER(SEARCH($D$4,DB!$G$2:$G$2576)))*(($D$3<>"YES")+($D$3="YES")*(DB!$E$2:$E$2576="YES"))*(($D$5="")+($D$5<>"")*(DB!$B$2:$B$2576=$D$5))*(($D$6="")+($D$6<>"")*(DB!$C$2:$C$2576=$D$6))*(($D$7="")+($D$7<>"")*(DB!$D$2:$D$2576=$D$7))*(($F$4="전체")+($F$4<>"전체")*(DB!$H$2:$H$2576=$F$4)))*(DB!$C$2:$C$2576=AI21)*1))} -> 78 | AK21: {=IFERROR(INDEX(DB!$D$2:$D$2576,_xlfn.AGGREGATE(15,6,ROW(DB!$D$2:$D$2576)-1/((($D$4="")+($D$4<>"")*ISNUMBER(SEARCH($D$4,DB!$G$2:$G$2576)))*(($D$3<>"YES")+($D$3="YES")*(DB!$E$2:$E$2576="YES"))*(($F$4="전체")+($F$4<>"전체")*(DB!$H$2:$H$2576=$F$4))*(COUNTIF(AK$16:AK20,DB!$D$2:$D$2576)=0)),5)),"")} -> 3.1.2 철골 부재 인양, 조립 | AL21: {=IF(AK21="","",SUMPRODUCT(((($D$4="")+($D$4<>"")*ISNUMBER(SEARCH($D$4,DB!$G$2:$G$2576)))*(($D$3<>"YES")+($D$3="YES")*(DB!$E$2:$E$2576="YES"))*(($F$4="전체")+($F$4<>"전체")*(DB!$H$2:$H$2576=$F$4)))*(DB!$D$2:$D$2576=AK21)*1))} -> 62 | AM21: {=IFERROR(INDEX(DB!$O$2:$O$2576,_xlfn.AGGREGATE(15,6,ROW(DB!$O$2:$O$2576)-1/((($D$4="")+($D$4<>"")*ISNUMBER(SEARCH($D$4,DB!$G$2:$G$2576)))*(($D$3<>"YES")+($D$3="YES")*(DB!$E$2:$E$2576="YES"))*(($D$5="")+($D$5<>"")*(DB!$B$2:$B$2576=$D$5))*(($D$6="")+($D$6<>"")*(DB!$C$2:$C$2576=$D$6))*(($D$7="")+($D$7<>"")*(DB!$D$2:$D$2576=$D$7))*(($F$4="전체")+($F$4<>"전체")*(DB!$H$2:$H$2576=$F$4))*(COUNTIF(AM$17:AM20,DB!$O$2:$O$2576)=0)),1)),"")} -> 끼임 | AN21: {=IF(AM21="","",SUMPRODUCT(((($D$4="")+($D$4<>"")*ISNUMBER(SEARCH($D$4,DB!$G$2:$G$2576)))*(($D$3<>"YES")+($D$3="YES")*(DB!$E$2:$E$2576="YES"))*(($D$5="")+($D$5<>"")*(DB!$B$2:$B$2576=$D$5))*(($D$6="")+($D$6<>"")*(DB!$C$2:$C$2576=$D$6))*(($D$7="")+($D$7<>"")*(DB!$D$2:$D$2576=$D$7))*(($F$4="전체")+($F$4<>"전체")*(DB!$H$2:$H$2576=$F$4)))*(DB!$O$2:$O$2576=AM21)*1))} -> 2 | AY21: 사다리 | AZ21: 4 | BA21: 116 | BB21: 0.045066045
B22: =IFERROR(IF(X22="","",ROW()-16),"") -> 6 | D22: {=IFERROR(INDEX(DB!B$2:B$2576,X22),"")} -> 12. 공통공사 | F22: {=IFERROR(INDEX(DB!C$2:C$2576,X22),"")} -> 12.1 철거, 해체 | H22: {=IFERROR(INDEX(DB!D$2:D$2576,X22),"")} -> 12.1.1 철거 및 해체 | J22: {=IFERROR(INDEX(DB!O$2:O$2576,X22),"")} -> 떨어짐 | L22: {=IFERROR(INDEX(DB!P$2:P$2576,X22),"")} -> 2020년 8월경 OO대수선공사 현장에서 재해자가 이동식비계 상부 작업발판에서 중도리 중도리(퍼린, Purlin) : 지붕 트러스와 트러스를 연결하는 부재로 지붕재의 지지대 역할을 함. (C형강) 용단작업을 하던 중 절단된 중도리가 휘어져 이동식비계에 부딪히는 순간 충격으로 몸의 균형을 잃고 바닥(콘크리트)으로 추락(H≒6.0m)하여 사망 | M22: {=IFERROR(INDEX(DB!Q$2:Q$2576,X22),"")} -> 이동식비계 상부에서 퍼린용 C형강 용단작업을 하던 중 절단된 철골부재가 휘어져 이동식 비계에 부딪히는 순간 충격으로 몸의 균형을 잃고 바닥으로 추락 | O22: {=IFERROR(INDEX(DB!R$2:R$2576,X22),"")} -> ▶ 이동식비계 아웃트리거 설치, 안전난간 설치 등의 전도방지조치 실시 ▶ 근로자 개인보호구, 안전대 체결여부 점검 및 관리감독 | T22: {=IFERROR(_xlfn.AGGREGATE(15,6,ROW(DB!A$2:A$2576)/(((($D$3<>"YES")+($D$3="YES")*(DB!E$2:E$2576="YES"))*(($D$4="")+($D$4<>"")*ISNUMBER(SEARCH($D$4,DB!G$2:G$2576)))*(($D$5="")+($D$5<>"")*(DB!B$2:B$2576=$D$5))*(($D$6="")+($D$6<>"")*(DB!C$2:C$2576=$D$6))*(($D$7="")+($D$7<>"")*(DB!D$2:D$2576=$D$7))*(($F$4="전체")+($F$4<>"전체")*(DB!H$2:H$2576=$F$4)))),ROW()-16)-1,"")} -> 706 | U22: {=IFERROR(INDEX(DB!B$2:B$2576,T22),"")} -> 12. 공통공사 | V22: {=IFERROR(INDEX(DB!O$2:O$2576,T22),"")} -> 떨어짐 | W22: =IF(T22="","",COUNTIF($U$17:$U$216,"<"&U22)*100+COUNTIF($V$17:$V$216,"<"&V22)+(ROW()-16)*0.001) -> 8287.006 | X22: =IFERROR(INDEX($T$17:$T$216,MATCH(SMALL($W$17:$W$216,ROW()-16),$W$17:$W$216,0)),"") -> 706 | AB22: {=IFERROR(INDEX(AI$17:AI$66,_xlfn.AGGREGATE(15,6,ROW(AI$17:AI$66)-ROW(AI$17)+1/(AJ$17:AJ$66=LARGE(AJ$17:AJ$66,6)),COUNTIF(AC$17:AC21,LARGE(AJ$17:AJ$66,6))+1)),"")} -> 12.7 기타(작업환경, 청소 등) | AC22: =IFERROR(LARGE(AJ$17:AJ$66,6),"") -> 2 | AE22: {=IFERROR(INDEX(AM$17:AM$66,_xlfn.AGGREGATE(15,6,ROW(AM$17:AM$66)-ROW(AM$17)+1/(AN$17:AN$66=LARGE(AN$17:AN$66,6)),COUNTIF(AF$17:AF21,LARGE(AN$17:AN$66,6))+1)),"")} -> 넘어짐 | AF22: =IFERROR(LARGE(AN$17:AN$66,6),"") -> 1 | AH22: {=IF(AG22="","",SUMPRODUCT(((($D$4="")+($D$4<>"")*ISNUMBER(SEARCH($D$4,DB!$G$2:$G$2576)))*(($D$3<>"YES")+($D$3="YES")*(DB!$E$2:$E$2576="YES"))*(($F$4="전체")+($F$4<>"전체")*(DB!$H$2:$H$2576=$F$4)))*(DB!$B$2:$B$2576=AG22)*1))} | AI22: {=IFERROR(INDEX(DB!$C$2:$C$2576,_xlfn.AGGREGATE(15,6,ROW(DB!$C$2:$C$2576)-1/((($D$4="")+($D$4<>"")*ISNUMBER(SEARCH($D$4,DB!$G$2:$G$2576)))*(($D$3<>"YES")+($D$3="YES")*(DB!$E$2:$E$2576="YES"))*(($D$5="")+($D$5<>"")*(DB!$B$2:$B$2576=$D$5))*(($D$6="")+($D$6<>"")*(DB!$C$2:$C$2576=$D$6))*(($D$7="")+($D$7<>"")*(DB!$D$2:$D$2576=$D$7))*(($F$4="전체")+($F$4<>"전체")*(DB!$H$2:$H$2576=$F$4))*(COUNTIF(AI$17:AI21,DB!$C$2:$C$2576)=0)),1)),"")} -> 4.4 도장작업 | AJ22: {=IF(AI22="","",SUMPRODUCT(((($D$4="")+($D$4<>"")*ISNUMBER(SEARCH($D$4,DB!$G$2:$G$2576)))*(($D$3<>"YES")+($D$3="YES")*(DB!$E$2:$E$2576="YES"))*(($D$5="")+($D$5<>"")*(DB!$B$2:$B$2576=$D$5))*(($D$6="")+($D$6<>"")*(DB!$C$2:$C$2576=$D$6))*(($D$7="")+($D$7<>"")*(DB!$D$2:$D$2576=$D$7))*(($F$4="전체")+($F$4<>"전체")*(DB!$H$2:$H$2576=$F$4)))*(DB!$C$2:$C$2576=AI22)*1))} -> 2 | AK22: {=IFERROR(INDEX(DB!$D$2:$D$2576,_xlfn.AGGREGATE(15,6,ROW(DB!$D$2:$D$2576)-1/((($D$4="")+($D$4<>"")*ISNUMBER(SEARCH($D$4,DB!$G$2:$G$2576)))*(($D$3<>"YES")+($D$3="YES")*(DB!$E$2:$E$2576="YES"))*(($F$4="전체")+($F$4<>"전체")*(DB!$H$2:$H$2576=$F$4))*(COUNTIF(AK$16:AK21,DB!$D$2:$D$2576)=0)),6)),"")} -> 3.1.3 철골 데크 플레이트 설치 | AL22: {=IF(AK22="","",SUMPRODUCT(((($D$4="")+($D$4<>"")*ISNUMBER(SEARCH($D$4,DB!$G$2:$G$2576)))*(($D$3<>"YES")+($D$3="YES")*(DB!$E$2:$E$2576="YES"))*(($F$4="전체")+($F$4<>"전체")*(DB!$H$2:$H$2576=$F$4)))*(DB!$D$2:$D$2576=AK22)*1))} -> 11 | AM22: {=IFERROR(INDEX(DB!$O$2:$O$2576,_xlfn.AGGREGATE(15,6,ROW(DB!$O$2:$O$2576)-1/((($D$4="")+($D$4<>"")*ISNUMBER(SEARCH($D$4,DB!$G$2:$G$2576)))*(($D$3<>"YES")+($D$3="YES")*(DB!$E$2:$E$2576="YES"))*(($D$5="")+($D$5<>"")*(DB!$B$2:$B$2576=$D$5))*(($D$6="")+($D$6<>"")*(DB!$C$2:$C$2576=$D$6))*(($D$7="")+($D$7<>"")*(DB!$D$2:$D$2576=$D$7))*(($F$4="전체")+($F$4<>"전체")*(DB!$H$2:$H$2576=$F$4))*(COUNTIF(AM$17:AM21,DB!$O$2:$O$2576)=0)),1)),"")} -> 넘어짐 | AN22: {=IF(AM22="","",SUMPRODUCT(((($D$4="")+($D$4<>"")*ISNUMBER(SEARCH($D$4,DB!$G$2:$G$2576)))*(($D$3<>"YES")+($D$3="YES")*(DB!$E$2:$E$2576="YES"))*(($D$5="")+($D$5<>"")*(DB!$B$2:$B$2576=$D$5))*(($D$6="")+($D$6<>"")*(DB!$C$2:$C$2576=$D$6))*(($D$7="")+($D$7<>"")*(DB!$D$2:$D$2576=$D$7))*(($F$4="전체")+($F$4<>"전체")*(DB!$H$2:$H$2576=$F$4)))*(DB!$O$2:$O$2576=AM22)*1))} -> 1 | AY22: 고소작업대 | AZ22: 5 | BA22: 114 | BB22: 0.044289044
B23: =IFERROR(IF(X23="","",ROW()-16),"") -> 7 | D23: {=IFERROR(INDEX(DB!B$2:B$2576,X23),"")} -> 12. 공통공사 | F23: {=IFERROR(INDEX(DB!C$2:C$2576,X23),"")} -> 12.1 철거, 해체 | H23: {=IFERROR(INDEX(DB!D$2:D$2576,X23),"")} -> 12.1.1 철거 및 해체 | J23: {=IFERROR(INDEX(DB!O$2:O$2576,X23),"")} -> 떨어짐 | L23: {=IFERROR(INDEX(DB!P$2:P$2576,X23),"")} -> 2020년 8월경 OO철거공사 현장에서 재해자가 공장 지붕 철골 위에 올라가 외부 벽체 샌드위치 패널 철거 작업을 하던 중 몸의 중심을 잃고 지상 콘크리트 바닥(h≒7.0m)으로 추락하여 사망 | M23: {=IFERROR(INDEX(DB!Q$2:Q$2576,X23),"")} -> 철골빔 상부에서 안전대를 미착용하던 재해자가 이동하던 중 몸의 중심을 잃고 바닥으로 추락 | O23: {=IFERROR(INDEX(DB!R$2:R$2576,X23),"")} -> ▶ 안전대 부착설비, 추락방지망 등의 안전방호조치 실시 ▶ 근로자 개인보호구, 안전대 체결여부 점검 및 관리감독 | T23: {=IFERROR(_xlfn.AGGREGATE(15,6,ROW(DB!A$2:A$2576)/(((($D$3<>"YES")+($D$3="YES")*(DB!E$2:E$2576="YES"))*(($D$4="")+($D$4<>"")*ISNUMBER(SEARCH($D$4,DB!G$2:G$2576)))*(($D$5="")+($D$5<>"")*(DB!B$2:B$2576=$D$5))*(($D$6="")+($D$6<>"")*(DB!C$2:C$2576=$D$6))*(($D$7="")+($D$7<>"")*(DB!D$2:D$2576=$D$7))*(($F$4="전체")+($F$4<>"전체")*(DB!H$2:H$2576=$F$4)))),ROW()-16)-1,"")} -> 707 | U23: {=IFERROR(INDEX(DB!B$2:B$2576,T23),"")} -> 12. 공통공사 | V23: {=IFERROR(INDEX(DB!O$2:O$2576,T23),"")} -> 떨어짐 | W23: =IF(T23="","",COUNTIF($U$17:$U$216,"<"&U23)*100+COUNTIF($V$17:$V$216,"<"&V23)+(ROW()-16)*0.001) -> 8287.007 | X23: =IFERROR(INDEX($T$17:$T$216,MATCH(SMALL($W$17:$W$216,ROW()-16),$W$17:$W$216,0)),"") -> 707 | AB23: {=IFERROR(INDEX(AI$17:AI$66,_xlfn.AGGREGATE(15,6,ROW(AI$17:AI$66)-ROW(AI$17)+1/(AJ$17:AJ$66=LARGE(AJ$17:AJ$66,7)),COUNTIF(AC$17:AC22,LARGE(AJ$17:AJ$66,7))+1)),"")} -> 4.4 도장작업 | AC23: =IFERROR(LARGE(AJ$17:AJ$66,7),"") -> 2 | AE23: {=IFERROR(INDEX(AM$17:AM$66,_xlfn.AGGREGATE(15,6,ROW(AM$17:AM$66)-ROW(AM$17)+1/(AN$17:AN$66=LARGE(AN$17:AN$66,7)),COUNTIF(AF$17:AF22,LARGE(AN$17:AN$66,7))+1)),"")} -> 맞음(낙하물체) | AF23: =IFERROR(LARGE(AN$17:AN$66,7),"") -> 1 | AH23: {=IF(AG23="","",SUMPRODUCT(((($D$4="")+($D$4<>"")*ISNUMBER(SEARCH($D$4,DB!$G$2:$G$2576)))*(($D$3<>"YES")+($D$3="YES")*(DB!$E$2:$E$2576="YES"))*(($F$4="전체")+($F$4<>"전체")*(DB!$H$2:$H$2576=$F$4)))*(DB!$B$2:$B$2576=AG23)*1))} | AI23: {=IFERROR(INDEX(DB!$C$2:$C$2576,_xlfn.AGGREGATE(15,6,ROW(DB!$C$2:$C$2576)-1/((($D$4="")+($D$4<>"")*ISNUMBER(SEARCH($D$4,DB!$G$2:$G$2576)))*(($D$3<>"YES")+($D$3="YES")*(DB!$E$2:$E$2576="YES"))*(($D$5="")+($D$5<>"")*(DB!$B$2:$B$2576=$D$5))*(($D$6="")+($D$6<>"")*(DB!$C$2:$C$2576=$D$6))*(($D$7="")+($D$7<>"")*(DB!$D$2:$D$2576=$D$7))*(($F$4="전체")+($F$4<>"전체")*(DB!$H$2:$H$2576=$F$4))*(COUNTIF(AI$17:AI22,DB!$C$2:$C$2576)=0)),1)),"")} -> 4.5 금속 및 잡철물 작업 | AJ23: {=IF(AI23="","",SUMPRODUCT(((($D$4="")+($D$4<>"")*ISNUMBER(SEARCH($D$4,DB!$G$2:$G$2576)))*(($D$3<>"YES")+($D$3="YES")*(DB!$E$2:$E$2576="YES"))*(($D$5="")+($D$5<>"")*(DB!$B$2:$B$2576=$D$5))*(($D$6="")+($D$6<>"")*(DB!$C$2:$C$2576=$D$6))*(($D$7="")+($D$7<>"")*(DB!$D$2:$D$2576=$D$7))*(($F$4="전체")+($F$4<>"전체")*(DB!$H$2:$H$2576=$F$4)))*(DB!$C$2:$C$2576=AI23)*1))} -> 6 | AK23: {=IFERROR(INDEX(DB!$D$2:$D$2576,_xlfn.AGGREGATE(15,6,ROW(DB!$D$2:$D$2576)-1/((($D$4="")+($D$4<>"")*ISNUMBER(SEARCH($D$4,DB!$G$2:$G$2576)))*(($D$3<>"YES")+($D$3="YES")*(DB!$E$2:$E$2576="YES"))*(($F$4="전체")+($F$4<>"전체")*(DB!$H$2:$H$2576=$F$4))*(COUNTIF(AK$16:AK22,DB!$D$2:$D$2576)=0)),7)),"")} -> 4.5.2 금속 및 잡철물 시공 | AL23: {=IF(AK23="","",SUMPRODUCT(((($D$4="")+($D$4<>"")*ISNUMBER(SEARCH($D$4,DB!$G$2:$G$2576)))*(($D$3<>"YES")+($D$3="YES")*(DB!$E$2:$E$2576="YES"))*(($F$4="전체")+($F$4<>"전체")*(DB!$H$2:$H$2576=$F$4)))*(DB!$D$2:$D$2576=AK23)*1))} -> 6 | AM23: {=IFERROR(INDEX(DB!$O$2:$O$2576,_xlfn.AGGREGATE(15,6,ROW(DB!$O$2:$O$2576)-1/((($D$4="")+($D$4<>"")*ISNUMBER(SEARCH($D$4,DB!$G$2:$G$2576)))*(($D$3<>"YES")+($D$3="YES")*(DB!$E$2:$E$2576="YES"))*(($D$5="")+($D$5<>"")*(DB!$B$2:$B$2576=$D$5))*(($D$6="")+($D$6<>"")*(DB!$C$2:$C$2576=$D$6))*(($D$7="")+($D$7<>"")*(DB!$D$2:$D$2576=$D$7))*(($F$4="전체")+($F$4<>"전체")*(DB!$H$2:$H$2576=$F$4))*(COUNTIF(AM$17:AM22,DB!$O$2:$O$2576)=0)),1)),"")} -> 맞음(낙하물체) | AN23: {=IF(AM23="","",SUMPRODUCT(((($D$4="")+($D$4<>"")*ISNUMBER(SEARCH($D$4,DB!$G$2:$G$2576)))*(($D$3<>"YES")+($D$3="YES")*(DB!$E$2:$E$2576="YES"))*(($D$5="")+($D$5<>"")*(DB!$B$2:$B$2576=$D$5))*(($D$6="")+($D$6<>"")*(DB!$C$2:$C$2576=$D$6))*(($D$7="")+($D$7<>"")*(DB!$D$2:$D$2576=$D$7))*(($F$4="전체")+($F$4<>"전체")*(DB!$H$2:$H$2576=$F$4)))*(DB!$O$2:$O$2576=AM23)*1))} -> 1 | AY23: 굴착기 | AZ23: 6 | BA23: 104 | BB23: 0.04040404
B24: =IFERROR(IF(X24="","",ROW()-16),"") -> 8 | D24: {=IFERROR(INDEX(DB!B$2:B$2576,X24),"")} -> 12. 공통공사 | F24: {=IFERROR(INDEX(DB!C$2:C$2576,X24),"")} -> 12.1 철거, 해체 | H24: {=IFERROR(INDEX(DB!D$2:D$2576,X24),"")} -> 12.1.1 철거 및 해체 | J24: {=IFERROR(INDEX(DB!O$2:O$2576,X24),"")} -> 떨어짐 | L24: {=IFERROR(INDEX(DB!P$2:P$2576,X24),"")} -> 2020년 11월경 OO공장 신축공사 현장에서 재해자가 잘못 설치된 외부 계단실의 철골 기둥(길이:13m, 중량:800kg)을 해체하기 위해 기둥 상부 브라켓(높이:12m, 폭:150㎜)에 올라가서 이동식크레인(25톤, 유압식) 줄걸이 작업(벨트슬링의 샤클을 체결)을 진행하던 중 철골 기둥이 넘어지면서 몸의 균형을 잃고 약 12m아래 바닥으로 추락하여 사망 | M24: {=IFERROR(INDEX(DB!Q$2:Q$2576,X24),"")} -> 철골 기둥을 해체하기 위해 기둥 상부 브라켓에 올라가 이동식 크레인 줄걸이 작업을 진행하던 중 전도방지조치가 되어 있지 않던 철골 기둥이 넘어지면서 몸의 균형을 잃고 바닥으로 추락 | O24: {=IFERROR(INDEX(DB!R$2:R$2576,X24),"")} -> ▶ 철골 기둥 구조물의 전도 위험 예방조치 실시 ▶ 비계를 조립하거나 고소작업대를 이용하는 등의 방법 | T24: {=IFERROR(_xlfn.AGGREGATE(15,6,ROW(DB!A$2:A$2576)/(((($D$3<>"YES")+($D$3="YES")*(DB!E$2:E$2576="YES"))*(($D$4="")+($D$4<>"")*ISNUMBER(SEARCH($D$4,DB!G$2:G$2576)))*(($D$5="")+($D$5<>"")*(DB!B$2:B$2576=$D$5))*(($D$6="")+($D$6<>"")*(DB!C$2:C$2576=$D$6))*(($D$7="")+($D$7<>"")*(DB!D$2:D$2576=$D$7))*(($F$4="전체")+($F$4<>"전체")*(DB!H$2:H$2576=$F$4)))),ROW()-16)-1,"")} -> 708 | U24: {=IFERROR(INDEX(DB!B$2:B$2576,T24),"")} -> 12. 공통공사 | V24: {=IFERROR(INDEX(DB!O$2:O$2576,T24),"")} -> 떨어짐 | W24: =IF(T24="","",COUNTIF($U$17:$U$216,"<"&U24)*100+COUNTIF($V$17:$V$216,"<"&V24)+(ROW()-16)*0.001) -> 8287.008 | X24: =IFERROR(INDEX($T$17:$T$216,MATCH(SMALL($W$17:$W$216,ROW()-16),$W$17:$W$216,0)),"") -> 708 | AB24: {=IFERROR(INDEX(AI$17:AI$66,_xlfn.AGGREGATE(15,6,ROW(AI$17:AI$66)-ROW(AI$17)+1/(AJ$17:AJ$66=LARGE(AJ$17:AJ$66,8)),COUNTIF(AC$17:AC23,LARGE(AJ$17:AJ$66,8))+1)),"")} -> 5.2 기계설비 작업 | AC24: =IFERROR(LARGE(AJ$17:AJ$66,8),"") -> 2 | AE24: {=IFERROR(INDEX(AM$17:AM$66,_xlfn.AGGREGATE(15,6,ROW(AM$17:AM$66)-ROW(AM$17)+1/(AN$17:AN$66=LARGE(AN$17:AN$66,8)),COUNTIF(AF$17:AF23,LARGE(AN$17:AN$66,8))+1)),"")} -> 부딪힘 접촉 | AF24: =IFERROR(LARGE(AN$17:AN$66,8),"") -> 1 | AH24: {=IF(AG24="","",SUMPRODUCT(((($D$4="")+($D$4<>"")*ISNUMBER(SEARCH($D$4,DB!$G$2:$G$2576)))*(($D$3<>"YES")+($D$3="YES")*(DB!$E$2:$E$2576="YES"))*(($F$4="전체")+($F$4<>"전체")*(DB!$H$2:$H$2576=$F$4)))*(DB!$B$2:$B$2576=AG24)*1))} | AI24: {=IFERROR(INDEX(DB!$C$2:$C$2576,_xlfn.AGGREGATE(15,6,ROW(DB!$C$2:$C$2576)-1/((($D$4="")+($D$4<>"")*ISNUMBER(SEARCH($D$4,DB!$G$2:$G$2576)))*(($D$3<>"YES")+($D$3="YES")*(DB!$E$2:$E$2576="YES"))*(($D$5="")+($D$5<>"")*(DB!$B$2:$B$2576=$D$5))*(($D$6="")+($D$6<>"")*(DB!$C$2:$C$2576=$D$6))*(($D$7="")+($D$7<>"")*(DB!$D$2:$D$2576=$D$7))*(($F$4="전체")+($F$4<>"전체")*(DB!$H$2:$H$2576=$F$4))*(COUNTIF(AI$17:AI23,DB!$C$2:$C$2576)=0)),1)),"")} -> 4.6 창호 및 유리 작업 | AJ24: {=IF(AI24="","",SUMPRODUCT(((($D$4="")+($D$4<>"")*ISNUMBER(SEARCH($D$4,DB!$G$2:$G$2576)))*(($D$3<>"YES")+($D$3="YES")*(DB!$E$2:$E$2576="YES"))*(($D$5="")+($D$5<>"")*(DB!$B$2:$B$2576=$D$5))*(($D$6="")+($D$6<>"")*(DB!$C$2:$C$2576=$D$6))*(($D$7="")+($D$7<>"")*(DB!$D$2:$D$2576=$D$7))*(($F$4="전체")+($F$4<>"전체")*(DB!$H$2:$H$2576=$F$4)))*(DB!$C$2:$C$2576=AI24)*1))} -> 1 | AK24: {=IFERROR(INDEX(DB!$D$2:$D$2576,_xlfn.AGGREGATE(15,6,ROW(DB!$D$2:$D$2576)-1/((($D$4="")+($D$4<>"")*ISNUMBER(SEARCH($D$4,DB!$G$2:$G$2576)))*(($D$3<>"YES")+($D$3="YES")*(DB!$E$2:$E$2576="YES"))*(($F$4="전체")+($F$4<>"전체")*(DB!$H$2:$H$2576=$F$4))*(COUNTIF(AK$16:AK23,DB!$D$2:$D$2576)=0)),8)),"")} -> 4.8.2 판넬 등 외부마감 시공 | AL24: {=IF(AK24="","",SUMPRODUCT(((($D$4="")+($D$4<>"")*ISNUMBER(SEARCH($D$4,DB!$G$2:$G$2576)))*(($D$3<>"YES")+($D$3="YES")*(DB!$E$2:$E$2576="YES"))*(($F$4="전체")+($F$4<>"전체")*(DB!$H$2:$H$2576=$F$4)))*(DB!$D$2:$D$2576=AK24)*1))} -> 8 | AM24: {=IFERROR(INDEX(DB!$O$2:$O$2576,_xlfn.AGGREGATE(15,6,ROW(DB!$O$2:$O$2576)-1/((($D$4="")+($D$4<>"")*ISNUMBER(SEARCH($D$4,DB!$G$2:$G$2576)))*(($D$3<>"YES")+($D$3="YES")*(DB!$E$2:$E$2576="YES"))*(($D$5="")+($D$5<>"")*(DB!$B$2:$B$2576=$D$5))*(($D$6="")+($D$6<>"")*(DB!$C$2:$C$2576=$D$6))*(($D$7="")+($D$7<>"")*(DB!$D$2:$D$2576=$D$7))*(($F$4="전체")+($F$4<>"전체")*(DB!$H$2:$H$2576=$F$4))*(COUNTIF(AM$17:AM23,DB!$O$2:$O$2576)=0)),1)),"")} -> 부딪힘 접촉 | AN24: {=IF(AM24="","",SUMPRODUCT(((($D$4="")+($D$4<>"")*ISNUMBER(SEARCH($D$4,DB!$G$2:$G$2576)))*(($D$3<>"YES")+($D$3="YES")*(DB!$E$2:$E$2576="YES"))*(($D$5="")+($D$5<>"")*(DB!$B$2:$B$2576=$D$5))*(($D$6="")+($D$6<>"")*(DB!$C$2:$C$2576=$D$6))*(($D$7="")+($D$7<>"")*(DB!$D$2:$D$2576=$D$7))*(($F$4="전체")+($F$4<>"전체")*(DB!$H$2:$H$2576=$F$4)))*(DB!$O$2:$O$2576=AM24)*1))} -> 1 | AY24: 슬라브단부 | AZ24: 7 | BA24: 92 | BB24: 0.035742036
B25: =IFERROR(IF(X25="","",ROW()-16),"") -> 9 | D25: {=IFERROR(INDEX(DB!B$2:B$2576,X25),"")} -> 12. 공통공사 | F25: {=IFERROR(INDEX(DB!C$2:C$2576,X25),"")} -> 12.7 기타(작업환경, 청소 등) | H25: {=IFERROR(INDEX(DB!D$2:D$2576,X25),"")} -> 12.7.1 기타(작업환경, 청소 등) | J25: {=IFERROR(INDEX(DB!O$2:O$2576,X25),"")} -> 떨어짐 | L25: {=IFERROR(INDEX(DB!P$2:P$2576,X25),"")} -> 2016년 8월경 ㈜OO 철탑 점검 및 보수공사 현장에서 재해자가 철탑 암 끝부분에 있는 애자를 청소하기 위해 철탑을 오르던 중, 몸의 중심을 잃고 지면으로 떨어져(H=10m) 사망 | M25: {=IFERROR(INDEX(DB!Q$2:Q$2576,X25),"")} -> 철탑 암 끝부분에 있는 애자를 청소하기 위해 수직로프가 미설치된 철탑을 오르던 중 몸의 중심을 잃고 바닥으로 추락 | O25: {=IFERROR(INDEX(DB!R$2:R$2576,X25),"")} -> ▶ 안전대 부착설비(수직로프, 추락방지대, Key Lock) 설치 ▶ 철탑 하부에 추락방지망 설치 | T25: {=IFERROR(_xlfn.AGGREGATE(15,6,ROW(DB!A$2:A$2576)/(((($D$3<>"YES")+($D$3="YES")*(DB!E$2:E$2576="YES"))*(($D$4="")+($D$4<>"")*ISNUMBER(SEARCH($D$4,DB!G$2:G$2576)))*(($D$5="")+($D$5<>"")*(DB!B$2:B$2576=$D$5))*(($D$6="")+($D$6<>"")*(DB!C$2:C$2576=$D$6))*(($D$7="")+($D$7<>"")*(DB!D$2:D$2576=$D$7))*(($F$4="전체")+($F$4<>"전체")*(DB!H$2:H$2576=$F$4)))),ROW()-16)-1,"")} -> 717 | U25: {=IFERROR(INDEX(DB!B$2:B$2576,T25),"")} -> 12. 공통공사 | V25: {=IFERROR(INDEX(DB!O$2:O$2576,T25),"")} -> 맞음 | W25: =IF(T25="","",COUNTIF($U$17:$U$216,"<"&U25)*100+COUNTIF($V$17:$V$216,"<"&V25)+(ROW()-16)*0.001) -> 8390.009 | X25: =IFERROR(INDEX($T$17:$T$216,MATCH(SMALL($W$17:$W$216,ROW()-16),$W$17:$W$216,0)),"") -> 718 | AB25: {=IFERROR(INDEX(AI$17:AI$66,_xlfn.AGGREGATE(15,6,ROW(AI$17:AI$66)-ROW(AI$17)+1/(AJ$17:AJ$66=LARGE(AJ$17:AJ$66,9)),COUNTIF(AC$17:AC24,LARGE(AJ$17:AJ$66,9))+1)),"")} -> 2.1 거푸집 작업 | AC25: =IFERROR(LARGE(AJ$17:AJ$66,9),"") -> 1 | AE25: {=IFERROR(INDEX(AM$17:AM$66,_xlfn.AGGREGATE(15,6,ROW(AM$17:AM$66)-ROW(AM$17)+1/(AN$17:AN$66=LARGE(AN$17:AN$66,9)),COUNTIF(AF$17:AF24,LARGE(AN$17:AN$66,9))+1)),"")} | AF25: =IFERROR(LARGE(AN$17:AN$66,9),"") | AH25: {=IF(AG25="","",SUMPRODUCT(((($D$4="")+($D$4<>"")*ISNUMBER(SEARCH($D$4,DB!$G$2:$G$2576)))*(($D$3<>"YES")+($D$3="YES")*(DB!$E$2:$E$2576="YES"))*(($F$4="전체")+($F$4<>"전체")*(DB!$H$2:$H$2576=$F$4)))*(DB!$B$2:$B$2576=AG25)*1))} | AI25: {=IFERROR(INDEX(DB!$C$2:$C$2576,_xlfn.AGGREGATE(15,6,ROW(DB!$C$2:$C$2576)-1/((($D$4="")+($D$4<>"")*ISNUMBER(SEARCH($D$4,DB!$G$2:$G$2576)))*(($D$3<>"YES")+($D$3="YES")*(DB!$E$2:$E$2576="YES"))*(($D$5="")+($D$5<>"")*(DB!$B$2:$B$2576=$D$5))*(($D$6="")+($D$6<>"")*(DB!$C$2:$C$2576=$D$6))*(($D$7="")+($D$7<>"")*(DB!$D$2:$D$2576=$D$7))*(($F$4="전체")+($F$4<>"전체")*(DB!$H$2:$H$2576=$F$4))*(COUNTIF(AI$17:AI24,DB!$C$2:$C$2576)=0)),1)),"")} -> 4.7 수장 작업 | AJ25: {=IF(AI25="","",SUMPRODUCT(((($D$4="")+($D$4<>"")*ISNUMBER(SEARCH($D$4,DB!$G$2:$G$2576)))*(($D$3<>"YES")+($D$3="YES")*(DB!$E$2:$E$2576="YES"))*(($D$5="")+($D$5<>"")*(DB!$B$2:$B$2576=$D$5))*(($D$6="")+($D$6<>"")*(DB!$C$2:$C$2576=$D$6))*(($D$7="")+($D$7<>"")*(DB!$D$2:$D$2576=$D$7))*(($F$4="전체")+($F$4<>"전체")*(DB!$H$2:$H$2576=$F$4)))*(DB!$C$2:$C$2576=AI25)*1))} -> 1 | AK25: {=IFERROR(INDEX(DB!$D$2:$D$2576,_xlfn.AGGREGATE(15,6,ROW(DB!$D$2:$D$2576)-1/((($D$4="")+($D$4<>"")*ISNUMBER(SEARCH($D$4,DB!$G$2:$G$2576)))*(($D$3<>"YES")+($D$3="YES")*(DB!$E$2:$E$2576="YES"))*(($F$4="전체")+($F$4<>"전체")*(DB!$H$2:$H$2576=$F$4))*(COUNTIF(AK$16:AK24,DB!$D$2:$D$2576)=0)),9)),"")} -> 5.2.2 기계설비 설치 | AL25: {=IF(AK25="","",SUMPRODUCT(((($D$4="")+($D$4<>"")*ISNUMBER(SEARCH($D$4,DB!$G$2:$G$2576)))*(($D$3<>"YES")+($D$3="YES")*(DB!$E$2:$E$2576="YES"))*(($F$4="전체")+($F$4<>"전체")*(DB!$H$2:$H$2576=$F$4)))*(DB!$D$2:$D$2576=AK25)*1))} -> 2 | AM25: {=IFERROR(INDEX(DB!$O$2:$O$2576,_xlfn.AGGREGATE(15,6,ROW(DB!$O$2:$O$2576)-1/((($D$4="")+($D$4<>"")*ISNUMBER(SEARCH($D$4,DB!$G$2:$G$2576)))*(($D$3<>"YES")+($D$3="YES")*(DB!$E$2:$E$2576="YES"))*(($D$5="")+($D$5<>"")*(DB!$B$2:$B$2576=$D$5))*(($D$6="")+($D$6<>"")*(DB!$C$2:$C$2576=$D$6))*(($D$7="")+($D$7<>"")*(DB!$D$2:$D$2576=$D$7))*(($F$4="전체")+($F$4<>"전체")*(DB!$H$2:$H$2576=$F$4))*(COUNTIF(AM$17:AM24,DB!$O$2:$O$2576)=0)),1)),"")} | AN25: {=IF(AM25="","",SUMPRODUCT(((($D$4="")+($D$4<>"")*ISNUMBER(SEARCH($D$4,DB!$G$2:$G$2576)))*(($D$3<>"YES")+($D$3="YES")*(DB!$E$2:$E$2576="YES"))*(($D$5="")+($D$5<>"")*(DB!$B$2:$B$2576=$D$5))*(($D$6="")+($D$6<>"")*(DB!$C$2:$C$2576=$D$6))*(($D$7="")+($D$7<>"")*(DB!$D$2:$D$2576=$D$7))*(($F$4="전체")+($F$4<>"전체")*(DB!$H$2:$H$2576=$F$4)))*(DB!$O$2:$O$2576=AM25)*1))} | AY25: 지붕(채광판,선라이트) | AZ25: 8 | BA25: 90 | BB25: 0.034965035
B26: =IFERROR(IF(X26="","",ROW()-16),"") -> 10 | D26: {=IFERROR(INDEX(DB!B$2:B$2576,X26),"")} -> 12. 공통공사 | F26: {=IFERROR(INDEX(DB!C$2:C$2576,X26),"")} -> 12.7 기타(작업환경, 청소 등) | H26: {=IFERROR(INDEX(DB!D$2:D$2576,X26),"")} -> 12.7.1 기타(작업환경, 청소 등) | J26: {=IFERROR(INDEX(DB!O$2:O$2576,X26),"")} -> 맞음 | L26: {=IFERROR(INDEX(DB!P$2:P$2576,X26),"")} -> 2016년 8월경 교량 하부보강 작업장에서 OO건설(주) 소속 재해자(용접공)가 굴삭기로 운반하여 기초구조물 위에 올려놓은 지보재의 가장자리에서 노룻발못뽑이로 지렛대 원리를 이용하여 지보재 하단부 수평재를 이동 시키는 작업 중 지보재가 넘어지면서 회전, 재해자를 강타하여 사망 | M26: {=IFERROR(INDEX(DB!Q$2:Q$2576,X26),"")} -> 교량 하부 보강을 위해 지보재 하단부 수평재를 이동시키는 작업 중 지보재가 넘어지면서 회전하여 재해자 강타 | O26: {=IFERROR(INDEX(DB!R$2:R$2576,X26),"")} -> ▶ 중량물 취급작업계획서 작성 및 작업지휘자 지정 ▶ 자재 전도방지를 위해 슬링벨트 연결 부위 및 이동방법 검토 | T26: {=IFERROR(_xlfn.AGGREGATE(15,6,ROW(DB!A$2:A$2576)/(((($D$3<>"YES")+($D$3="YES")*(DB!E$2:E$2576="YES"))*(($D$4="")+($D$4<>"")*ISNUMBER(SEARCH($D$4,DB!G$2:G$2576)))*(($D$5="")+($D$5<>"")*(DB!B$2:B$2576=$D$5))*(($D$6="")+($D$6<>"")*(DB!C$2:C$2576=$D$6))*(($D$7="")+($D$7<>"")*(DB!D$2:D$2576=$D$7))*(($F$4="전체")+($F$4<>"전체")*(DB!H$2:H$2576=$F$4)))),ROW()-16)-1,"")} -> 718 | U26: {=IFERROR(INDEX(DB!B$2:B$2576,T26),"")} -> 12. 공통공사 | V26: {=IFERROR(INDEX(DB!O$2:O$2576,T26),"")} -> 떨어짐 | W26: =IF(T26="","",COUNTIF($U$17:$U$216,"<"&U26)*100+COUNTIF($V$17:$V$216,"<"&V26)+(ROW()-16)*0.001) -> 8287.01 | X26: =IFERROR(INDEX($T$17:$T$216,MATCH(SMALL($W$17:$W$216,ROW()-16),$W$17:$W$216,0)),"") -> 717 | AB26: {=IFERROR(INDEX(AI$17:AI$66,_xlfn.AGGREGATE(15,6,ROW(AI$17:AI$66)-ROW(AI$17)+1/(AJ$17:AJ$66=LARGE(AJ$17:AJ$66,10)),COUNTIF(AC$17:AC25,LARGE(AJ$17:AJ$66,10))+1)),"")} -> 4.6 창호 및 유리 작업 | AC26: =IFERROR(LARGE(AJ$17:AJ$66,10),"") -> 1 | AE26: {=IFERROR(INDEX(AM$17:AM$66,_xlfn.AGGREGATE(15,6,ROW(AM$17:AM$66)-ROW(AM$17)+1/(AN$17:AN$66=LARGE(AN$17:AN$66,10)),COUNTIF(AF$17:AF25,LARGE(AN$17:AN$66,10))+1)),"")} | AF26: =IFERROR(LARGE(AN$17:AN$66,10),"") | AH26: {=IF(AG26="","",SUMPRODUCT(((($D$4="")+($D$4<>"")*ISNUMBER(SEARCH($D$4,DB!$G$2:$G$2576)))*(($D$3<>"YES")+($D$3="YES")*(DB!$E$2:$E$2576="YES"))*(($F$4="전체")+($F$4<>"전체")*(DB!$H$2:$H$2576=$F$4)))*(DB!$B$2:$B$2576=AG26)*1))} | AI26: {=IFERROR(INDEX(DB!$C$2:$C$2576,_xlfn.AGGREGATE(15,6,ROW(DB!$C$2:$C$2576)-1/((($D$4="")+($D$4<>"")*ISNUMBER(SEARCH($D$4,DB!$G$2:$G$2576)))*(($D$3<>"YES")+($D$3="YES")*(DB!$E$2:$E$2576="YES"))*(($D$5="")+($D$5<>"")*(DB!$B$2:$B$2576=$D$5))*(($D$6="")+($D$6<>"")*(DB!$C$2:$C$2576=$D$6))*(($D$7="")+($D$7<>"")*(DB!$D$2:$D$2576=$D$7))*(($F$4="전체")+($F$4<>"전체")*(DB!$H$2:$H$2576=$F$4))*(COUNTIF(AI$17:AI25,DB!$C$2:$C$2576)=0)),1)),"")} -> 4.8 판넬 등 외부마감 작업 | AJ26: {=IF(AI26="","",SUMPRODUCT(((($D$4="")+($D$4<>"")*ISNUMBER(SEARCH($D$4,DB!$G$2:$G$2576)))*(($D$3<>"YES")+($D$3="YES")*(DB!$E$2:$E$2576="YES"))*(($D$5="")+($D$5<>"")*(DB!$B$2:$B$2576=$D$5))*(($D$6="")+($D$6<>"")*(DB!$C$2:$C$2576=$D$6))*(($D$7="")+($D$7<>"")*(DB!$D$2:$D$2576=$D$7))*(($F$4="전체")+($F$4<>"전체")*(DB!$H$2:$H$2576=$F$4)))*(DB!$C$2:$C$2576=AI26)*1))} -> 9 | AK26: {=IFERROR(INDEX(DB!$D$2:$D$2576,_xlfn.AGGREGATE(15,6,ROW(DB!$D$2:$D$2576)-1/((($D$4="")+($D$4<>"")*ISNUMBER(SEARCH($D$4,DB!$G$2:$G$2576)))*(($D$3<>"YES")+($D$3="YES")*(DB!$E$2:$E$2576="YES"))*(($F$4="전체")+($F$4<>"전체")*(DB!$H$2:$H$2576=$F$4))*(COUNTIF(AK$16:AK25,DB!$D$2:$D$2576)=0)),10)),"")} | AL26: {=IF(AK26="","",SUMPRODUCT(((($D$4="")+($D$4<>"")*ISNUMBER(SEARCH($D$4,DB!$G$2:$G$2576)))*(($D$3<>"YES")+($D$3="YES")*(DB!$E$2:$E$2576="YES"))*(($F$4="전체")+($F$4<>"전체")*(DB!$H$2:$H$2576=$F$4)))*(DB!$D$2:$D$2576=AK26)*1))} | AM26: {=IFERROR(INDEX(DB!$O$2:$O$2576,_xlfn.AGGREGATE(15,6,ROW(DB!$O$2:$O$2576)-1/((($D$4="")+($D$4<>"")*ISNUMBER(SEARCH($D$4,DB!$G$2:$G$2576)))*(($D$3<>"YES")+($D$3="YES")*(DB!$E$2:$E$2576="YES"))*(($D$5="")+($D$5<>"")*(DB!$B$2:$B$2576=$D$5))*(($D$6="")+($D$6<>"")*(DB!$C$2:$C$2576=$D$6))*(($D$7="")+($D$7<>"")*(DB!$D$2:$D$2576=$D$7))*(($F$4="전체")+($F$4<>"전체")*(DB!$H$2:$H$2576=$F$4))*(COUNTIF(AM$17:AM25,DB!$O$2:$O$2576)=0)),1)),"")} | AN26: {=IF(AM26="","",SUMPRODUCT(((($D$4="")+($D$4<>"")*ISNUMBER(SEARCH($D$4,DB!$G$2:$G$2576)))*(($D$3<>"YES")+($D$3="YES")*(DB!$E$2:$E$2576="YES"))*(($D$5="")+($D$5<>"")*(DB!$B$2:$B$2576=$D$5))*(($D$6="")+($D$6<>"")*(DB!$C$2:$C$2576=$D$6))*(($D$7="")+($D$7<>"")*(DB!$D$2:$D$2576=$D$7))*(($F$4="전체")+($F$4<>"전체")*(DB!$H$2:$H$2576=$F$4)))*(DB!$O$2:$O$2576=AM26)*1))} | AY26: 작업발판/가설계단 | AZ26: 9 | BA26: 85 | BB26: 0.033022533
B27: =IFERROR(IF(X27="","",ROW()-16),"") -> 11 | D27: {=IFERROR(INDEX(DB!B$2:B$2576,X27),"")} -> 2. 철근콘크리트공사 | F27: {=IFERROR(INDEX(DB!C$2:C$2576,X27),"")} -> 2.1 거푸집 작업 | H27: {=IFERROR(INDEX(DB!D$2:D$2576,X27),"")} -> 2.1.2 거푸집 동바리 조립 | J27: {=IFERROR(INDEX(DB!O$2:O$2576,X27),"")} -> 떨어짐 | L27: {=IFERROR(INDEX(DB!P$2:P$2576,X27),"")} -> 2018년 2월경 개인이 시공하는 (주)OO공사 현장에서 재해자가 데크플레이트 판개 및 용접 작업을 위해 철골 상부 이동 중 몸의 중심을 잃고 약 5.8m 아래 바닥으로 떨어지며 사망 | M27: {=IFERROR(INDEX(DB!Q$2:Q$2576,X27),"")} -> 추락 방지조치 미실시한 상태에서 데크플레이트 판개 및 용접 작업을 위해 철골 상부 이동 중 몸의 중심을 잃고 바닥으로 추락 | O27: {=IFERROR(INDEX(DB!R$2:R$2576,X27),"")} -> ▶ 추락위험이 있는 구간에는 추락방호망, 안전난간 설치 또는 및 안전대 착용후 작업 ▶ 안전난간 설치 기준 준수하여 살치 및 관리감독자 확인 | T27: {=IFERROR(_xlfn.AGGREGATE(15,6,ROW(DB!A$2:A$2576)/(((($D$3<>"YES")+($D$3="YES")*(DB!E$2:E$2576="YES"))*(($D$4="")+($D$4<>"")*ISNUMBER(SEARCH($D$4,DB!G$2:G$2576)))*(($D$5="")+($D$5<>"")*(DB!B$2:B$2576=$D$5))*(($D$6="")+($D$6<>"")*(DB!C$2:C$2576=$D$6))*(($D$7="")+($D$7<>"")*(DB!D$2:D$2576=$D$7))*(($F$4="전체")+($F$4<>"전체")*(DB!H$2:H$2576=$F$4)))),ROW()-16)-1,"")} -> 728 | U27: {=IFERROR(INDEX(DB!B$2:B$2576,T27),"")} -> 2. 철근콘크리트공사 | V27: {=IFERROR(INDEX(DB!O$2:O$2576,T27),"")} -> 떨어짐 | W27: =IF(T27="","",COUNTIF($U$17:$U$216,"<"&U27)*100+COUNTIF($V$17:$V$216,"<"&V27)+(ROW()-16)*0.001) -> 9287.011 | X27: =IFERROR(INDEX($T$17:$T$216,MATCH(SMALL($W$17:$W$216,ROW()-16),$W$17:$W$216,0)),"") -> 728 | AB27: {=IFERROR(INDEX(AI$17:AI$66,_xlfn.AGGREGATE(15,6,ROW(AI$17:AI$66)-ROW(AI$17)+1/(AJ$17:AJ$66=LARGE(AJ$17:AJ$66,11)),COUNTIF(AC$17:AC26,LARGE(AJ$17:AJ$66,11))+1)),"")} -> 4.7 수장 작업 | AC27: =IFERROR(LARGE(AJ$17:AJ$66,11),"") -> 1 | AE27: {=IFERROR(INDEX(AM$17:AM$66,_xlfn.AGGREGATE(15,6,ROW(AM$17:AM$66)-ROW(AM$17)+1/(AN$17:AN$66=LARGE(AN$17:AN$66,11)),COUNTIF(AF$17:AF26,LARGE(AN$17:AN$66,11))+1)),"")} | AF27: =IFERROR(LARGE(AN$17:AN$66,11),"") | AH27: {=IF(AG27="","",SUMPRODUCT(((($D$4="")+($D$4<>"")*ISNUMBER(SEARCH($D$4,DB!$G$2:$G$2576)))*(($D$3<>"YES")+($D$3="YES")*(DB!$E$2:$E$2576="YES"))*(($F$4="전체")+($F$4<>"전체")*(DB!$H$2:$H$2576=$F$4)))*(DB!$B$2:$B$2576=AG27)*1))} | AI27: {=IFERROR(INDEX(DB!$C$2:$C$2576,_xlfn.AGGREGATE(15,6,ROW(DB!$C$2:$C$2576)-1/((($D$4="")+($D$4<>"")*ISNUMBER(SEARCH($D$4,DB!$G$2:$G$2576)))*(($D$3<>"YES")+($D$3="YES")*(DB!$E$2:$E$2576="YES"))*(($D$5="")+($D$5<>"")*(DB!$B$2:$B$2576=$D$5))*(($D$6="")+($D$6<>"")*(DB!$C$2:$C$2576=$D$6))*(($D$7="")+($D$7<>"")*(DB!$D$2:$D$2576=$D$7))*(($F$4="전체")+($F$4<>"전체")*(DB!$H$2:$H$2576=$F$4))*(COUNTIF(AI$17:AI26,DB!$C$2:$C$2576)=0)),1)),"")} -> 5.1 전기 설비 작업 | AJ27: {=IF(AI27="","",SUMPRODUCT(((($D$4="")+($D$4<>"")*ISNUMBER(SEARCH($D$4,DB!$G$2:$G$2576)))*(($D$3<>"YES")+($D$3="YES")*(DB!$E$2:$E$2576="YES"))*(($D$5="")+($D$5<>"")*(DB!$B$2:$B$2576=$D$5))*(($D$6="")+($D$6<>"")*(DB!$C$2:$C$2576=$D$6))*(($D$7="")+($D$7<>"")*(DB!$D$2:$D$2576=$D$7))*(($F$4="전체")+($F$4<>"전체")*(DB!$H$2:$H$2576=$F$4)))*(DB!$C$2:$C$2576=AI27)*1))} -> 1 | AK27: {=IFERROR(INDEX(DB!$D$2:$D$2576,_xlfn.AGGREGATE(15,6,ROW(DB!$D$2:$D$2576)-1/((($D$4="")+($D$4<>"")*ISNUMBER(SEARCH($D$4,DB!$G$2:$G$2576)))*(($D$3<>"YES")+($D$3="YES")*(DB!$E$2:$E$2576="YES"))*(($F$4="전체")+($F$4<>"전체")*(DB!$H$2:$H$2576=$F$4))*(COUNTIF(AK$16:AK26,DB!$D$2:$D$2576)=0)),11)),"")} | AL27: {=IF(AK27="","",SUMPRODUCT(((($D$4="")+($D$4<>"")*ISNUMBER(SEARCH($D$4,DB!$G$2:$G$2576)))*(($D$3<>"YES")+($D$3="YES")*(DB!$E$2:$E$2576="YES"))*(($F$4="전체")+($F$4<>"전체")*(DB!$H$2:$H$2576=$F$4)))*(DB!$D$2:$D$2576=AK27)*1))} | AM27: {=IFERROR(INDEX(DB!$O$2:$O$2576,_xlfn.AGGREGATE(15,6,ROW(DB!$O$2:$O$2576)-1/((($D$4="")+($D$4<>"")*ISNUMBER(SEARCH($D$4,DB!$G$2:$G$2576)))*(($D$3<>"YES")+($D$3="YES")*(DB!$E$2:$E$2576="YES"))*(($D$5="")+($D$5<>"")*(DB!$B$2:$B$2576=$D$5))*(($D$6="")+($D$6<>"")*(DB!$C$2:$C$2576=$D$6))*(($D$7="")+($D$7<>"")*(DB!$D$2:$D$2576=$D$7))*(($F$4="전체")+($F$4<>"전체")*(DB!$H$2:$H$2576=$F$4))*(COUNTIF(AM$17:AM26,DB!$O$2:$O$2576)=0)),1)),"")} | AN27: {=IF(AM27="","",SUMPRODUCT(((($D$4="")+($D$4<>"")*ISNUMBER(SEARCH($D$4,DB!$G$2:$G$2576)))*(($D$3<>"YES")+($D$3="YES")*(DB!$E$2:$E$2576="YES"))*(($D$5="")+($D$5<>"")*(DB!$B$2:$B$2576=$D$5))*(($D$6="")+($D$6<>"")*(DB!$C$2:$C$2576=$D$6))*(($D$7="")+($D$7<>"")*(DB!$D$2:$D$2576=$D$7))*(($F$4="전체")+($F$4<>"전체")*(DB!$H$2:$H$2576=$F$4)))*(DB!$O$2:$O$2576=AM27)*1))} | AY27: 개구부(바닥개구부) | AZ27: 10 | BA27: 80 | BB27: 0.031080031
B28: =IFERROR(IF(X28="","",ROW()-16),"") -> 12 | D28: {=IFERROR(INDEX(DB!B$2:B$2576,X28),"")} -> 2. 철근콘크리트공사 | F28: {=IFERROR(INDEX(DB!C$2:C$2576,X28),"")} -> 2.4 콘크리트 작업 | H28: {=IFERROR(INDEX(DB!D$2:D$2576,X28),"")} -> 2.4.2 콘크리트 타설 및 다짐 | J28: {=IFERROR(INDEX(DB!O$2:O$2576,X28),"")} -> 떨어짐 | L28: {=IFERROR(INDEX(DB!P$2:P$2576,X28),"")} -> 2019년 4월경 ㈜OO 공장 신축공사현장에서 재해자(미장공) 등 10명이 지상1층 바닥 콘크리트 타설을 하던 중 슬래브를 지지하는 작은보(철골) 2개소에서 보와 옹벽 사이의 임베드 플레이트 볼트 용접 부위가 파단 되면서 보와 슬래브가 한쪽으로 기울며 붕괴되어 6명의 근로자가 6.5m 높이에서 미끄러지듯 떨어지면서 부상(4명이 3개월 이상의 요양 필요) | M28: {=IFERROR(INDEX(DB!Q$2:Q$2576,X28),"")} -> 바닥 콘크리트 타설을 하던 중 슬래브를 지지하는 작은보 2개소에서 임베드 플레이트 볼트 용접 부위가 파단나면서 슬래브가 한쪽으로 기울어 근로자 추락 | O28: {=IFERROR(INDEX(DB!R$2:R$2576,X28),"")} -> ▶ 철골부재 용접 시 용접관련 자격증 보유 확인 및 용접 후 원청, 하청, 감리의 입회하에 검측 실시 ▶ 데크플레이트를 설치하는 철골구조물을 시공하는 경우 철골구조물 자중, 상부 적재하중 및 콘크리트 타설에 따른 진동 및 충격 등을 고려하여 전도방지조치 실시 | T28: {=IFERROR(_xlfn.AGGREGATE(15,6,ROW(DB!A$2:A$2576)/(((($D$3<>"YES")+($D$3="YES")*(DB!E$2:E$2576="YES"))*(($D$4="")+($D$4<>"")*ISNUMBER(SEARCH($D$4,DB!G$2:G$2576)))*(($D$5="")+($D$5<>"")*(DB!B$2:B$2576=$D$5))*(($D$6="")+($D$6<>"")*(DB!C$2:C$2576=$D$6))*(($D$7="")+($D$7<>"")*(DB!D$2:D$2576=$D$7))*(($F$4="전체")+($F$4<>"전체")*(DB!H$2:H$2576=$F$4)))),ROW()-16)-1,"")} -> 748 | U28: {=IFERROR(INDEX(DB!B$2:B$2576,T28),"")} -> 2. 철근콘크리트공사 | V28: {=IFERROR(INDEX(DB!O$2:O$2576,T28),"")} -> 무너짐 | W28: =IF(T28="","",COUNTIF($U$17:$U$216,"<"&U28)*100+COUNTIF($V$17:$V$216,"<"&V28)+(ROW()-16)*0.001) -> 9392.012 | X28: =IFERROR(INDEX($T$17:$T$216,MATCH(SMALL($W$17:$W$216,ROW()-16),$W$17:$W$216,0)),"") -> 751 | AB28: {=IFERROR(INDEX(AI$17:AI$66,_xlfn.AGGREGATE(15,6,ROW(AI$17:AI$66)-ROW(AI$17)+1/(AJ$17:AJ$66=LARGE(AJ$17:AJ$66,12)),COUNTIF(AC$17:AC27,LARGE(AJ$17:AJ$66,12))+1)),"")} -> 5.1 전기 설비 작업 | AC28: =IFERROR(LARGE(AJ$17:AJ$66,12),"") -> 1 | AE28: {=IFERROR(INDEX(AM$17:AM$66,_xlfn.AGGREGATE(15,6,ROW(AM$17:AM$66)-ROW(AM$17)+1/(AN$17:AN$66=LARGE(AN$17:AN$66,12)),COUNTIF(AF$17:AF27,LARGE(AN$17:AN$66,12))+1)),"")} | AF28: =IFERROR(LARGE(AN$17:AN$66,12),"") | AH28: {=IF(AG28="","",SUMPRODUCT(((($D$4="")+($D$4<>"")*ISNUMBER(SEARCH($D$4,DB!$G$2:$G$2576)))*(($D$3<>"YES")+($D$3="YES")*(DB!$E$2:$E$2576="YES"))*(($F$4="전체")+($F$4<>"전체")*(DB!$H$2:$H$2576=$F$4)))*(DB!$B$2:$B$2576=AG28)*1))} | AI28: {=IFERROR(INDEX(DB!$C$2:$C$2576,_xlfn.AGGREGATE(15,6,ROW(DB!$C$2:$C$2576)-1/((($D$4="")+($D$4<>"")*ISNUMBER(SEARCH($D$4,DB!$G$2:$G$2576)))*(($D$3<>"YES")+($D$3="YES")*(DB!$E$2:$E$2576="YES"))*(($D$5="")+($D$5<>"")*(DB!$B$2:$B$2576=$D$5))*(($D$6="")+($D$6<>"")*(DB!$C$2:$C$2576=$D$6))*(($D$7="")+($D$7<>"")*(DB!$D$2:$D$2576=$D$7))*(($F$4="전체")+($F$4<>"전체")*(DB!$H$2:$H$2576=$F$4))*(COUNTIF(AI$17:AI27,DB!$C$2:$C$2576)=0)),1)),"")} -> 5.2 기계설비 작업 | AJ28: {=IF(AI28="","",SUMPRODUCT(((($D$4="")+($D$4<>"")*ISNUMBER(SEARCH($D$4,DB!$G$2:$G$2576)))*(($D$3<>"YES")+($D$3="YES")*(DB!$E$2:$E$2576="YES"))*(($D$5="")+($D$5<>"")*(DB!$B$2:$B$2576=$D$5))*(($D$6="")+($D$6<>"")*(DB!$C$2:$C$2576=$D$6))*(($D$7="")+($D$7<>"")*(DB!$D$2:$D$2576=$D$7))*(($F$4="전체")+($F$4<>"전체")*(DB!$H$2:$H$2576=$F$4)))*(DB!$C$2:$C$2576=AI28)*1))} -> 2 | AK28: {=IFERROR(INDEX(DB!$D$2:$D$2576,_xlfn.AGGREGATE(15,6,ROW(DB!$D$2:$D$2576)-1/((($D$4="")+($D$4<>"")*ISNUMBER(SEARCH($D$4,DB!$G$2:$G$2576)))*(($D$3<>"YES")+($D$3="YES")*(DB!$E$2:$E$2576="YES"))*(($F$4="전체")+($F$4<>"전체")*(DB!$H$2:$H$2576=$F$4))*(COUNTIF(AK$16:AK27,DB!$D$2:$D$2576)=0)),12)),"")} | AL28: {=IF(AK28="","",SUMPRODUCT(((($D$4="")+($D$4<>"")*ISNUMBER(SEARCH($D$4,DB!$G$2:$G$2576)))*(($D$3<>"YES")+($D$3="YES")*(DB!$E$2:$E$2576="YES"))*(($F$4="전체")+($F$4<>"전체")*(DB!$H$2:$H$2576=$F$4)))*(DB!$D$2:$D$2576=AK28)*1))} | AM28: {=IFERROR(INDEX(DB!$O$2:$O$2576,_xlfn.AGGREGATE(15,6,ROW(DB!$O$2:$O$2576)-1/((($D$4="")+($D$4<>"")*ISNUMBER(SEARCH($D$4,DB!$G$2:$G$2576)))*(($D$3<>"YES")+($D$3="YES")*(DB!$E$2:$E$2576="YES"))*(($D$5="")+($D$5<>"")*(DB!$B$2:$B$2576=$D$5))*(($D$6="")+($D$6<>"")*(DB!$C$2:$C$2576=$D$6))*(($D$7="")+($D$7<>"")*(DB!$D$2:$D$2576=$D$7))*(($F$4="전체")+($F$4<>"전체")*(DB!$H$2:$H$2576=$F$4))*(COUNTIF(AM$17:AM27,DB!$O$2:$O$2576)=0)),1)),"")} | AN28: {=IF(AM28="","",SUMPRODUCT(((($D$4="")+($D$4<>"")*ISNUMBER(SEARCH($D$4,DB!$G$2:$G$2576)))*(($D$3<>"YES")+($D$3="YES")*(DB!$E$2:$E$2576="YES"))*(($D$5="")+($D$5<>"")*(DB!$B$2:$B$2576=$D$5))*(($D$6="")+($D$6<>"")*(DB!$C$2:$C$2576=$D$6))*(($D$7="")+($D$7<>"")*(DB!$D$2:$D$2576=$D$7))*(($F$4="전체")+($F$4<>"전체")*(DB!$H$2:$H$2576=$F$4)))*(DB!$O$2:$O$2576=AM28)*1))} | AY28: 거푸집 | AZ28: 11 | BA28: 80 | BB28: 0.031080031
B29: =IFERROR(IF(X29="","",ROW()-16),"") -> 13 | D29: {=IFERROR(INDEX(DB!B$2:B$2576,X29),"")} -> 2. 철근콘크리트공사 | F29: {=IFERROR(INDEX(DB!C$2:C$2576,X29),"")} -> 2.4 콘크리트 작업 | H29: {=IFERROR(INDEX(DB!D$2:D$2576,X29),"")} -> 2.4.2 콘크리트 타설 및 다짐 | J29: {=IFERROR(INDEX(DB!O$2:O$2576,X29),"")} -> 무너짐 | L29: {=IFERROR(INDEX(DB!P$2:P$2576,X29),"")} -> 2016년 2월경 OO(주) 석탄취급설비 설치공사 현장에서 화력 8∼9호기 사이 석탄 이송설비인 벨트 컨베이어 갤러리구간에서 협력업체 근로자 9명이 바닥 콘크리트 타설 작업 중 데크플레이트가 상부하중을 지지하지 못하고 아래로 무너지며 그 자리에서 콘크리트 타설작업을 하던 2명이 60m아래 지면 바닥으로 떨어져 사망 | M29: {=IFERROR(INDEX(DB!Q$2:Q$2576,X29),"")} -> 데크플레이트 콘크리트 타설 작업 중 데크플레이트(구조적 불안정, 작업방법 불량 등)가 붕괴 | O29: {=IFERROR(INDEX(DB!R$2:R$2576,X29),"")} -> ▶ 데크플레이트를 지지하는 철골빔과 같은 주요 부재 설치시, 용도, 품질, 이음부 발생 시 접합방법 등 사전 확인 ▶ 콘크리트 타설 시 편심발생을 막기위해 집중타설 금지 ▶ 콘크리트 타설 작업 시 데크플레이트의 변형 및 변위 감시를 위한 감시자 배치 | T29: {=IFERROR(_xlfn.AGGREGATE(15,6,ROW(DB!A$2:A$2576)/(((($D$3<>"YES")+($D$3="YES")*(DB!E$2:E$2576="YES"))*(($D$4="")+($D$4<>"")*ISNUMBER(SEARCH($D$4,DB!G$2:G$2576)))*(($D$5="")+($D$5<>"")*(DB!B$2:B$2576=$D$5))*(($D$6="")+($D$6<>"")*(DB!C$2:C$2576=$D$6))*(($D$7="")+($D$7<>"")*(DB!D$2:D$2576=$D$7))*(($F$4="전체")+($F$4<>"전체")*(DB!H$2:H$2576=$F$4)))),ROW()-16)-1,"")} -> 751 | U29: {=IFERROR(INDEX(DB!B$2:B$2576,T29),"")} -> 2. 철근콘크리트공사 | V29: {=IFERROR(INDEX(DB!O$2:O$2576,T29),"")} -> 떨어짐 | W29: =IF(T29="","",COUNTIF($U$17:$U$216,"<"&U29)*100+COUNTIF($V$17:$V$216,"<"&V29)+(ROW()-16)*0.001) -> 9287.013 | X29: =IFERROR(INDEX($T$17:$T$216,MATCH(SMALL($W$17:$W$216,ROW()-16),$W$17:$W$216,0)),"") -> 748 | AB29: {=IFERROR(INDEX(AI$17:AI$66,_xlfn.AGGREGATE(15,6,ROW(AI$17:AI$66)-ROW(AI$17)+1/(AJ$17:AJ$66=LARGE(AJ$17:AJ$66,13)),COUNTIF(AC$17:AC28,LARGE(AJ$17:AJ$66,13))+1)),"")} | AC29: =IFERROR(LARGE(AJ$17:AJ$66,13),"") | AE29: {=IFERROR(INDEX(AM$17:AM$66,_xlfn.AGGREGATE(15,6,ROW(AM$17:AM$66)-ROW(AM$17)+1/(AN$17:AN$66=LARGE(AN$17:AN$66,13)),COUNTIF(AF$17:AF28,LARGE(AN$17:AN$66,13))+1)),"")} | AF29: =IFERROR(LARGE(AN$17:AN$66,13),"") | AH29: {=IF(AG29="","",SUMPRODUCT(((($D$4="")+($D$4<>"")*ISNUMBER(SEARCH($D$4,DB!$G$2:$G$2576)))*(($D$3<>"YES")+($D$3="YES")*(DB!$E$2:$E$2576="YES"))*(($F$4="전체")+($F$4<>"전체")*(DB!$H$2:$H$2576=$F$4)))*(DB!$B$2:$B$2576=AG29)*1))} | AI29: {=IFERROR(INDEX(DB!$C$2:$C$2576,_xlfn.AGGREGATE(15,6,ROW(DB!$C$2:$C$2576)-1/((($D$4="")+($D$4<>"")*ISNUMBER(SEARCH($D$4,DB!$G$2:$G$2576)))*(($D$3<>"YES")+($D$3="YES")*(DB!$E$2:$E$2576="YES"))*(($D$5="")+($D$5<>"")*(DB!$B$2:$B$2576=$D$5))*(($D$6="")+($D$6<>"")*(DB!$C$2:$C$2576=$D$6))*(($D$7="")+($D$7<>"")*(DB!$D$2:$D$2576=$D$7))*(($F$4="전체")+($F$4<>"전체")*(DB!$H$2:$H$2576=$F$4))*(COUNTIF(AI$17:AI28,DB!$C$2:$C$2576)=0)),1)),"")} | AJ29: {=IF(AI29="","",SUMPRODUCT(((($D$4="")+($D$4<>"")*ISNUMBER(SEARCH($D$4,DB!$G$2:$G$2576)))*(($D$3<>"YES")+($D$3="YES")*(DB!$E$2:$E$2576="YES"))*(($D$5="")+($D$5<>"")*(DB!$B$2:$B$2576=$D$5))*(($D$6="")+($D$6<>"")*(DB!$C$2:$C$2576=$D$6))*(($D$7="")+($D$7<>"")*(DB!$D$2:$D$2576=$D$7))*(($F$4="전체")+($F$4<>"전체")*(DB!$H$2:$H$2576=$F$4)))*(DB!$C$2:$C$2576=AI29)*1))} | AK29: {=IFERROR(INDEX(DB!$D$2:$D$2576,_xlfn.AGGREGATE(15,6,ROW(DB!$D$2:$D$2576)-1/((($D$4="")+($D$4<>"")*ISNUMBER(SEARCH($D$4,DB!$G$2:$G$2576)))*(($D$3<>"YES")+($D$3="YES")*(DB!$E$2:$E$2576="YES"))*(($F$4="전체")+($F$4<>"전체")*(DB!$H$2:$H$2576=$F$4))*(COUNTIF(AK$16:AK28,DB!$D$2:$D$2576)=0)),13)),"")} | AL29: {=IF(AK29="","",SUMPRODUCT(((($D$4="")+($D$4<>"")*ISNUMBER(SEARCH($D$4,DB!$G$2:$G$2576)))*(($D$3<>"YES")+($D$3="YES")*(DB!$E$2:$E$2576="YES"))*(($F$4="전체")+($F$4<>"전체")*(DB!$H$2:$H$2576=$F$4)))*(DB!$D$2:$D$2576=AK29)*1))} | AM29: {=IFERROR(INDEX(DB!$O$2:$O$2576,_xlfn.AGGREGATE(15,6,ROW(DB!$O$2:$O$2576)-1/((($D$4="")+($D$4<>"")*ISNUMBER(SEARCH($D$4,DB!$G$2:$G$2576)))*(($D$3<>"YES")+($D$3="YES")*(DB!$E$2:$E$2576="YES"))*(($D$5="")+($D$5<>"")*(DB!$B$2:$B$2576=$D$5))*(($D$6="")+($D$6<>"")*(DB!$C$2:$C$2576=$D$6))*(($D$7="")+($D$7<>"")*(DB!$D$2:$D$2576=$D$7))*(($F$4="전체")+($F$4<>"전체")*(DB!$H$2:$H$2576=$F$4))*(COUNTIF(AM$17:AM28,DB!$O$2:$O$2576)=0)),1)),"")} | AN29: {=IF(AM29="","",SUMPRODUCT(((($D$4="")+($D$4<>"")*ISNUMBER(SEARCH($D$4,DB!$G$2:$G$2576)))*(($D$3<>"YES")+($D$3="YES")*(DB!$E$2:$E$2576="YES"))*(($D$5="")+($D$5<>"")*(DB!$B$2:$B$2576=$D$5))*(($D$6="")+($D$6<>"")*(DB!$C$2:$C$2576=$D$6))*(($D$7="")+($D$7<>"")*(DB!$D$2:$D$2576=$D$7))*(($F$4="전체")+($F$4<>"전체")*(DB!$H$2:$H$2576=$F$4)))*(DB!$O$2:$O$2576=AM29)*1))} | AY29: 기계설비 | AZ29: 12 | BA29: 80 | BB29: 0.031080031
B30: =IFERROR(IF(X30="","",ROW()-16),"") -> 14 | D30: {=IFERROR(INDEX(DB!B$2:B$2576,X30),"")} -> 2. 철근콘크리트공사 | F30: {=IFERROR(INDEX(DB!C$2:C$2576,X30),"")} -> 2.4 콘크리트 작업 | H30: {=IFERROR(INDEX(DB!D$2:D$2576,X30),"")} -> 2.4.2 콘크리트 타설 및 다짐 | J30: {=IFERROR(INDEX(DB!O$2:O$2576,X30),"")} -> 무너짐 | L30: {=IFERROR(INDEX(DB!P$2:P$2576,X30),"")} -> 2019년 11월경 OO(주)가 시공하는 창고시설 신축 현장에서 협력업체 ㈜OO 소속 근로자 재해자(철근공, 형틀공) 2명이 창고동 옥상 슬래브(Slab)에서 콘크리트타설 작업 중 데크플레이트가 철골에서 탈락하며 2층 바닥으로 떨어져(H≒7m) 부상 | M30: {=IFERROR(INDEX(DB!Q$2:Q$2576,X30),"")} -> 데크플레이트 콘크리트 타설 작업 중 데크플레이트(구조적 불안정, 작업방법 불량 등)가 붕괴 | O30: {=IFERROR(INDEX(DB!R$2:R$2576,X30),"")} -> ▶ 콘크리트 타설작업 시 사전에 거푸집의 변형 및 변위 등을 점검 및 보수 ▶ 데크플레이트의 양단 걸침길이는 50mm 이상으로 하며 용접 방법과 간격 준수 | T30: {=IFERROR(_xlfn.AGGREGATE(15,6,ROW(DB!A$2:A$2576)/(((($D$3<>"YES")+($D$3="YES")*(DB!E$2:E$2576="YES"))*(($D$4="")+($D$4<>"")*ISNUMBER(SEARCH($D$4,DB!G$2:G$2576)))*(($D$5="")+($D$5<>"")*(DB!B$2:B$2576=$D$5))*(($D$6="")+($D$6<>"")*(DB!C$2:C$2576=$D$6))*(($D$7="")+($D$7<>"")*(DB!D$2:D$2576=$D$7))*(($F$4="전체")+($F$4<>"전체")*(DB!H$2:H$2576=$F$4)))),ROW()-16)-1,"")} -> 752 | U30: {=IFERROR(INDEX(DB!B$2:B$2576,T30),"")} -> 2. 철근콘크리트공사 | V30: {=IFERROR(INDEX(DB!O$2:O$2576,T30),"")} -> 무너짐 | W30: =IF(T30="","",COUNTIF($U$17:$U$216,"<"&U30)*100+COUNTIF($V$17:$V$216,"<"&V30)+(ROW()-16)*0.001) -> 9392.014 | X30: =IFERROR(INDEX($T$17:$T$216,MATCH(SMALL($W$17:$W$216,ROW()-16),$W$17:$W$216,0)),"") -> 752 | AB30: {=IFERROR(INDEX(AI$17:AI$66,_xlfn.AGGREGATE(15,6,ROW(AI$17:AI$66)-ROW(AI$17)+1/(AJ$17:AJ$66=LARGE(AJ$17:AJ$66,14)),COUNTIF(AC$17:AC29,LARGE(AJ$17:AJ$66,14))+1)),"")} | AC30: =IFERROR(LARGE(AJ$17:AJ$66,14),"") | AE30: {=IFERROR(INDEX(AM$17:AM$66,_xlfn.AGGREGATE(15,6,ROW(AM$17:AM$66)-ROW(AM$17)+1/(AN$17:AN$66=LARGE(AN$17:AN$66,14)),COUNTIF(AF$17:AF29,LARGE(AN$17:AN$66,14))+1)),"")} | AF30: =IFERROR(LARGE(AN$17:AN$66,14),"") | AH30: {=IF(AG30="","",SUMPRODUCT(((($D$4="")+($D$4<>"")*ISNUMBER(SEARCH($D$4,DB!$G$2:$G$2576)))*(($D$3<>"YES")+($D$3="YES")*(DB!$E$2:$E$2576="YES"))*(($F$4="전체")+($F$4<>"전체")*(DB!$H$2:$H$2576=$F$4)))*(DB!$B$2:$B$2576=AG30)*1))} | AI30: {=IFERROR(INDEX(DB!$C$2:$C$2576,_xlfn.AGGREGATE(15,6,ROW(DB!$C$2:$C$2576)-1/((($D$4="")+($D$4<>"")*ISNUMBER(SEARCH($D$4,DB!$G$2:$G$2576)))*(($D$3<>"YES")+($D$3="YES")*(DB!$E$2:$E$2576="YES"))*(($D$5="")+($D$5<>"")*(DB!$B$2:$B$2576=$D$5))*(($D$6="")+($D$6<>"")*(DB!$C$2:$C$2576=$D$6))*(($D$7="")+($D$7<>"")*(DB!$D$2:$D$2576=$D$7))*(($F$4="전체")+($F$4<>"전체")*(DB!$H$2:$H$2576=$F$4))*(COUNTIF(AI$17:AI29,DB!$C$2:$C$2576)=0)),1)),"")} | AJ30: {=IF(AI30="","",SUMPRODUCT(((($D$4="")+($D$4<>"")*ISNUMBER(SEARCH($D$4,DB!$G$2:$G$2576)))*(($D$3<>"YES")+($D$3="YES")*(DB!$E$2:$E$2576="YES"))*(($D$5="")+($D$5<>"")*(DB!$B$2:$B$2576=$D$5))*(($D$6="")+($D$6<>"")*(DB!$C$2:$C$2576=$D$6))*(($D$7="")+($D$7<>"")*(DB!$D$2:$D$2576=$D$7))*(($F$4="전체")+($F$4<>"전체")*(DB!$H$2:$H$2576=$F$4)))*(DB!$C$2:$C$2576=AI30)*1))} | AK30: {=IFERROR(INDEX(DB!$D$2:$D$2576,_xlfn.AGGREGATE(15,6,ROW(DB!$D$2:$D$2576)-1/((($D$4="")+($D$4<>"")*ISNUMBER(SEARCH($D$4,DB!$G$2:$G$2576)))*(($D$3<>"YES")+($D$3="YES")*(DB!$E$2:$E$2576="YES"))*(($F$4="전체")+($F$4<>"전체")*(DB!$H$2:$H$2576=$F$4))*(COUNTIF(AK$16:AK29,DB!$D$2:$D$2576)=0)),14)),"")} | AL30: {=IF(AK30="","",SUMPRODUCT(((($D$4="")+($D$4<>"")*ISNUMBER(SEARCH($D$4,DB!$G$2:$G$2576)))*(($D$3<>"YES")+($D$3="YES")*(DB!$E$2:$E$2576="YES"))*(($F$4="전체")+($F$4<>"전체")*(DB!$H$2:$H$2576=$F$4)))*(DB!$D$2:$D$2576=AK30)*1))} | AM30: {=IFERROR(INDEX(DB!$O$2:$O$2576,_xlfn.AGGREGATE(15,6,ROW(DB!$O$2:$O$2576)-1/((($D$4="")+($D$4<>"")*ISNUMBER(SEARCH($D$4,DB!$G$2:$G$2576)))*(($D$3<>"YES")+($D$3="YES")*(DB!$E$2:$E$2576="YES"))*(($D$5="")+($D$5<>"")*(DB!$B$2:$B$2576=$D$5))*(($D$6="")+($D$6<>"")*(DB!$C$2:$C$2576=$D$6))*(($D$7="")+($D$7<>"")*(DB!$D$2:$D$2576=$D$7))*(($F$4="전체")+($F$4<>"전체")*(DB!$H$2:$H$2576=$F$4))*(COUNTIF(AM$17:AM29,DB!$O$2:$O$2576)=0)),1)),"")} | AN30: {=IF(AM30="","",SUMPRODUCT(((($D$4="")+($D$4<>"")*ISNUMBER(SEARCH($D$4,DB!$G$2:$G$2576)))*(($D$3<>"YES")+($D$3="YES")*(DB!$E$2:$E$2576="YES"))*(($D$5="")+($D$5<>"")*(DB!$B$2:$B$2576=$D$5))*(($D$6="")+($D$6<>"")*(DB!$C$2:$C$2576=$D$6))*(($D$7="")+($D$7<>"")*(DB!$D$2:$D$2576=$D$7))*(($F$4="전체")+($F$4<>"전체")*(DB!$H$2:$H$2576=$F$4)))*(DB!$O$2:$O$2576=AM30)*1))} | AY30: 트럭 | AZ30: 13 | BA30: 76 | BB30: 0.02952603
B31: =IFERROR(IF(X31="","",ROW()-16),"") -> 15 | D31: {=IFERROR(INDEX(DB!B$2:B$2576,X31),"")} -> 2. 철근콘크리트공사 | F31: {=IFERROR(INDEX(DB!C$2:C$2576,X31),"")} -> 2.4 콘크리트 작업 | H31: {=IFERROR(INDEX(DB!D$2:D$2576,X31),"")} -> 2.4.2 콘크리트 타설 및 다짐 | J31: {=IFERROR(INDEX(DB!O$2:O$2576,X31),"")} -> 무너짐 | L31: {=IFERROR(INDEX(DB!P$2:P$2576,X31),"")} -> 2020년 9월경 ㈜OO 주거 및 업무시설 신축공사 현장의 기계식주차장 중층 슬래브 위에서 재해자 2명이 콘크리트를 타설하던 중, 데크플레이트가 붕괴되어 약 46.5미터 아래 주차 Pit내 지하2층 바닥으로 추락하여 사망 | M31: {=IFERROR(INDEX(DB!Q$2:Q$2576,X31),"")} -> 데크플레이트 콘크리트 타설 작업 중 데크플레이트(구조적 불안정, 작업방법 불량 등)가 붕괴 | O31: {=IFERROR(INDEX(DB!R$2:R$2576,X31),"")} -> ▶ 데크플레이트를 지지하는 철골빔과 같은 주요 부재 설치시, 용도, 품질, 이음부 발생 시 접합방법 등 사전 확인 ▶ 콘크리트 타설 시 편심발생을 막기위해 집중타설 금지 ▶ 콘크리트 타설 작업 시 데크플레이트의 변형 및 변위 감시를 위한 감시자 배치 | T31: {=IFERROR(_xlfn.AGGREGATE(15,6,ROW(DB!A$2:A$2576)/(((($D$3<>"YES")+($D$3="YES")*(DB!E$2:E$2576="YES"))*(($D$4="")+($D$4<>"")*ISNUMBER(SEARCH($D$4,DB!G$2:G$2576)))*(($D$5="")+($D$5<>"")*(DB!B$2:B$2576=$D$5))*(($D$6="")+($D$6<>"")*(DB!C$2:C$2576=$D$6))*(($D$7="")+($D$7<>"")*(DB!D$2:D$2576=$D$7))*(($F$4="전체")+($F$4<>"전체")*(DB!H$2:H$2576=$F$4)))),ROW()-16)-1,"")} -> 754 | U31: {=IFERROR(INDEX(DB!B$2:B$2576,T31),"")} -> 2. 철근콘크리트공사 | V31: {=IFERROR(INDEX(DB!O$2:O$2576,T31),"")} -> 무너짐 | W31: =IF(T31="","",COUNTIF($U$17:$U$216,"<"&U31)*100+COUNTIF($V$17:$V$216,"<"&V31)+(ROW()-16)*0.001) -> 9392.015 | X31: =IFERROR(INDEX($T$17:$T$216,MATCH(SMALL($W$17:$W$216,ROW()-16),$W$17:$W$216,0)),"") -> 754 | AB31: {=IFERROR(INDEX(AI$17:AI$66,_xlfn.AGGREGATE(15,6,ROW(AI$17:AI$66)-ROW(AI$17)+1/(AJ$17:AJ$66=LARGE(AJ$17:AJ$66,15)),COUNTIF(AC$17:AC30,LARGE(AJ$17:AJ$66,15))+1)),"")} | AC31: =IFERROR(LARGE(AJ$17:AJ$66,15),"") | AE31: {=IFERROR(INDEX(AM$17:AM$66,_xlfn.AGGREGATE(15,6,ROW(AM$17:AM$66)-ROW(AM$17)+1/(AN$17:AN$66=LARGE(AN$17:AN$66,15)),COUNTIF(AF$17:AF30,LARGE(AN$17:AN$66,15))+1)),"")} | AF31: =IFERROR(LARGE(AN$17:AN$66,15),"") | AH31: {=IF(AG31="","",SUMPRODUCT(((($D$4="")+($D$4<>"")*ISNUMBER(SEARCH($D$4,DB!$G$2:$G$2576)))*(($D$3<>"YES")+($D$3="YES")*(DB!$E$2:$E$2576="YES"))*(($F$4="전체")+($F$4<>"전체")*(DB!$H$2:$H$2576=$F$4)))*(DB!$B$2:$B$2576=AG31)*1))} | AI31: {=IFERROR(INDEX(DB!$C$2:$C$2576,_xlfn.AGGREGATE(15,6,ROW(DB!$C$2:$C$2576)-1/((($D$4="")+($D$4<>"")*ISNUMBER(SEARCH($D$4,DB!$G$2:$G$2576)))*(($D$3<>"YES")+($D$3="YES")*(DB!$E$2:$E$2576="YES"))*(($D$5="")+($D$5<>"")*(DB!$B$2:$B$2576=$D$5))*(($D$6="")+($D$6<>"")*(DB!$C$2:$C$2576=$D$6))*(($D$7="")+($D$7<>"")*(DB!$D$2:$D$2576=$D$7))*(($F$4="전체")+($F$4<>"전체")*(DB!$H$2:$H$2576=$F$4))*(COUNTIF(AI$17:AI30,DB!$C$2:$C$2576)=0)),1)),"")} | AJ31: {=IF(AI31="","",SUMPRODUCT(((($D$4="")+($D$4<>"")*ISNUMBER(SEARCH($D$4,DB!$G$2:$G$2576)))*(($D$3<>"YES")+($D$3="YES")*(DB!$E$2:$E$2576="YES"))*(($D$5="")+($D$5<>"")*(DB!$B$2:$B$2576=$D$5))*(($D$6="")+($D$6<>"")*(DB!$C$2:$C$2576=$D$6))*(($D$7="")+($D$7<>"")*(DB!$D$2:$D$2576=$D$7))*(($F$4="전체")+($F$4<>"전체")*(DB!$H$2:$H$2576=$F$4)))*(DB!$C$2:$C$2576=AI31)*1))} | AK31: {=IFERROR(INDEX(DB!$D$2:$D$2576,_xlfn.AGGREGATE(15,6,ROW(DB!$D$2:$D$2576)-1/((($D$4="")+($D$4<>"")*ISNUMBER(SEARCH($D$4,DB!$G$2:$G$2576)))*(($D$3<>"YES")+($D$3="YES")*(DB!$E$2:$E$2576="YES"))*(($F$4="전체")+($F$4<>"전체")*(DB!$H$2:$H$2576=$F$4))*(COUNTIF(AK$16:AK30,DB!$D$2:$D$2576)=0)),15)),"")} | AL31: {=IF(AK31="","",SUMPRODUCT(((($D$4="")+($D$4<>"")*ISNUMBER(SEARCH($D$4,DB!$G$2:$G$2576)))*(($D$3<>"YES")+($D$3="YES")*(DB!$E$2:$E$2576="YES"))*(($F$4="전체")+($F$4<>"전체")*(DB!$H$2:$H$2576=$F$4)))*(DB!$D$2:$D$2576=AK31)*1))} | AM31: {=IFERROR(INDEX(DB!$O$2:$O$2576,_xlfn.AGGREGATE(15,6,ROW(DB!$O$2:$O$2576)-1/((($D$4="")+($D$4<>"")*ISNUMBER(SEARCH($D$4,DB!$G$2:$G$2576)))*(($D$3<>"YES")+($D$3="YES")*(DB!$E$2:$E$2576="YES"))*(($D$5="")+($D$5<>"")*(DB!$B$2:$B$2576=$D$5))*(($D$6="")+($D$6<>"")*(DB!$C$2:$C$2576=$D$6))*(($D$7="")+($D$7<>"")*(DB!$D$2:$D$2576=$D$7))*(($F$4="전체")+($F$4<>"전체")*(DB!$H$2:$H$2576=$F$4))*(COUNTIF(AM$17:AM30,DB!$O$2:$O$2576)=0)),1)),"")} | AN31: {=IF(AM31="","",SUMPRODUCT(((($D$4="")+($D$4<>"")*ISNUMBER(SEARCH($D$4,DB!$G$2:$G$2576)))*(($D$3<>"YES")+($D$3="YES")*(DB!$E$2:$E$2576="YES"))*(($D$5="")+($D$5<>"")*(DB!$B$2:$B$2576=$D$5))*(($D$6="")+($D$6<>"")*(DB!$C$2:$C$2576=$D$6))*(($D$7="")+($D$7<>"")*(DB!$D$2:$D$2576=$D$7))*(($F$4="전체")+($F$4<>"전체")*(DB!$H$2:$H$2576=$F$4)))*(DB!$O$2:$O$2576=AM31)*1))} | AY31: 달비계 | AZ31: 14 | BA31: 70 | BB31: 0.027195027
B32: =IFERROR(IF(X32="","",ROW()-16),"") -> 16 | D32: {=IFERROR(INDEX(DB!B$2:B$2576,X32),"")} -> 2. 철근콘크리트공사 | F32: {=IFERROR(INDEX(DB!C$2:C$2576,X32),"")} -> 2.4 콘크리트 작업 | H32: {=IFERROR(INDEX(DB!D$2:D$2576,X32),"")} -> 2.4.2 콘크리트 타설 및 다짐 | J32: {=IFERROR(INDEX(DB!O$2:O$2576,X32),"")} -> 무너짐 | L32: {=IFERROR(INDEX(DB!P$2:P$2576,X32),"")} -> 2021년 2월경 OO(주) OO신축공사 현장에서 지상1층 콘크리트 타설 중 상부슬래브가(데크플레이트 : 8.1m x 10.3m, 3 Span) 붕괴되면서, 지상1층 바닥에서 콘크리트 양생용 열풍기에 연료주입을 하던 재해자 2명을 덮쳐 부상 | M32: {=IFERROR(INDEX(DB!Q$2:Q$2576,X32),"")} -> 데크플레이트 콘크리트 타설 작업 중 데크플레이트(구조적 불안정, 작업방법 불량 등)가 붕괴 | O32: {=IFERROR(INDEX(DB!R$2:R$2576,X32),"")} -> ▶ 데크플레이트를 지지하는 철골빔과 같은 주요 부재 설치시, 용도, 품질, 이음부 발생 시 접합방법 등 사전 확인 ▶ 콘크리트 타설 시 편심발생을 막기위해 집중타설 금지 ▶ 콘크리트 타설 작업 시 데크플레이트의 변형 및 변위 감시를 위한 감시자 배치 | T32: {=IFERROR(_xlfn.AGGREGATE(15,6,ROW(DB!A$2:A$2576)/(((($D$3<>"YES")+($D$3="YES")*(DB!E$2:E$2576="YES"))*(($D$4="")+($D$4<>"")*ISNUMBER(SEARCH($D$4,DB!G$2:G$2576)))*(($D$5="")+($D$5<>"")*(DB!B$2:B$2576=$D$5))*(($D$6="")+($D$6<>"")*(DB!C$2:C$2576=$D$6))*(($D$7="")+($D$7<>"")*(DB!D$2:D$2576=$D$7))*(($F$4="전체")+($F$4<>"전체")*(DB!H$2:H$2576=$F$4)))),ROW()-16)-1,"")} -> 755 | U32: {=IFERROR(INDEX(DB!B$2:B$2576,T32),"")} -> 2. 철근콘크리트공사 | V32: {=IFERROR(INDEX(DB!O$2:O$2576,T32),"")} -> 무너짐 | W32: =IF(T32="","",COUNTIF($U$17:$U$216,"<"&U32)*100+COUNTIF($V$17:$V$216,"<"&V32)+(ROW()-16)*0.001) -> 9392.016 | X32: =IFERROR(INDEX($T$17:$T$216,MATCH(SMALL($W$17:$W$216,ROW()-16),$W$17:$W$216,0)),"") -> 755 | AB32: {=IFERROR(INDEX(AI$17:AI$66,_xlfn.AGGREGATE(15,6,ROW(AI$17:AI$66)-ROW(AI$17)+1/(AJ$17:AJ$66=LARGE(AJ$17:AJ$66,16)),COUNTIF(AC$17:AC31,LARGE(AJ$17:AJ$66,16))+1)),"")} | AC32: =IFERROR(LARGE(AJ$17:AJ$66,16),"") | AE32: {=IFERROR(INDEX(AM$17:AM$66,_xlfn.AGGREGATE(15,6,ROW(AM$17:AM$66)-ROW(AM$17)+1/(AN$17:AN$66=LARGE(AN$17:AN$66,16)),COUNTIF(AF$17:AF31,LARGE(AN$17:AN$66,16))+1)),"")} | AF32: =IFERROR(LARGE(AN$17:AN$66,16),"") | AH32: {=IF(AG32="","",SUMPRODUCT(((($D$4="")+($D$4<>"")*ISNUMBER(SEARCH($D$4,DB!$G$2:$G$2576)))*(($D$3<>"YES")+($D$3="YES")*(DB!$E$2:$E$2576="YES"))*(($F$4="전체")+($F$4<>"전체")*(DB!$H$2:$H$2576=$F$4)))*(DB!$B$2:$B$2576=AG32)*1))} | AI32: {=IFERROR(INDEX(DB!$C$2:$C$2576,_xlfn.AGGREGATE(15,6,ROW(DB!$C$2:$C$2576)-1/((($D$4="")+($D$4<>"")*ISNUMBER(SEARCH($D$4,DB!$G$2:$G$2576)))*(($D$3<>"YES")+($D$3="YES")*(DB!$E$2:$E$2576="YES"))*(($D$5="")+($D$5<>"")*(DB!$B$2:$B$2576=$D$5))*(($D$6="")+($D$6<>"")*(DB!$C$2:$C$2576=$D$6))*(($D$7="")+($D$7<>"")*(DB!$D$2:$D$2576=$D$7))*(($F$4="전체")+($F$4<>"전체")*(DB!$H$2:$H$2576=$F$4))*(COUNTIF(AI$17:AI31,DB!$C$2:$C$2576)=0)),1)),"")} | AJ32: {=IF(AI32="","",SUMPRODUCT(((($D$4="")+($D$4<>"")*ISNUMBER(SEARCH($D$4,DB!$G$2:$G$2576)))*(($D$3<>"YES")+($D$3="YES")*(DB!$E$2:$E$2576="YES"))*(($D$5="")+($D$5<>"")*(DB!$B$2:$B$2576=$D$5))*(($D$6="")+($D$6<>"")*(DB!$C$2:$C$2576=$D$6))*(($D$7="")+($D$7<>"")*(DB!$D$2:$D$2576=$D$7))*(($F$4="전체")+($F$4<>"전체")*(DB!$H$2:$H$2576=$F$4)))*(DB!$C$2:$C$2576=AI32)*1))} | AK32: {=IFERROR(INDEX(DB!$D$2:$D$2576,_xlfn.AGGREGATE(15,6,ROW(DB!$D$2:$D$2576)-1/((($D$4="")+($D$4<>"")*ISNUMBER(SEARCH($D$4,DB!$G$2:$G$2576)))*(($D$3<>"YES")+($D$3="YES")*(DB!$E$2:$E$2576="YES"))*(($F$4="전체")+($F$4<>"전체")*(DB!$H$2:$H$2576=$F$4))*(COUNTIF(AK$16:AK31,DB!$D$2:$D$2576)=0)),16)),"")} | AL32: {=IF(AK32="","",SUMPRODUCT(((($D$4="")+($D$4<>"")*ISNUMBER(SEARCH($D$4,DB!$G$2:$G$2576)))*(($D$3<>"YES")+($D$3="YES")*(DB!$E$2:$E$2576="YES"))*(($F$4="전체")+($F$4<>"전체")*(DB!$H$2:$H$2576=$F$4)))*(DB!$D$2:$D$2576=AK32)*1))} | AM32: {=IFERROR(INDEX(DB!$O$2:$O$2576,_xlfn.AGGREGATE(15,6,ROW(DB!$O$2:$O$2576)-1/((($D$4="")+($D$4<>"")*ISNUMBER(SEARCH($D$4,DB!$G$2:$G$2576)))*(($D$3<>"YES")+($D$3="YES")*(DB!$E$2:$E$2576="YES"))*(($D$5="")+($D$5<>"")*(DB!$B$2:$B$2576=$D$5))*(($D$6="")+($D$6<>"")*(DB!$C$2:$C$2576=$D$6))*(($D$7="")+($D$7<>"")*(DB!$D$2:$D$2576=$D$7))*(($F$4="전체")+($F$4<>"전체")*(DB!$H$2:$H$2576=$F$4))*(COUNTIF(AM$17:AM31,DB!$O$2:$O$2576)=0)),1)),"")} | AN32: {=IF(AM32="","",SUMPRODUCT(((($D$4="")+($D$4<>"")*ISNUMBER(SEARCH($D$4,DB!$G$2:$G$2576)))*(($D$3<>"YES")+($D$3="YES")*(DB!$E$2:$E$2576="YES"))*(($D$5="")+($D$5<>"")*(DB!$B$2:$B$2576=$D$5))*(($D$6="")+($D$6<>"")*(DB!$C$2:$C$2576=$D$6))*(($D$7="")+($D$7<>"")*(DB!$D$2:$D$2576=$D$7))*(($F$4="전체")+($F$4<>"전체")*(DB!$H$2:$H$2576=$F$4)))*(DB!$O$2:$O$2576=AM32)*1))} | AY32: 이동식비계 | AZ32: 15 | BA32: 70 | BB32: 0.027195027
B33: =IFERROR(IF(X33="","",ROW()-16),"") -> 17 | D33: {=IFERROR(INDEX(DB!B$2:B$2576,X33),"")} -> 2. 철근콘크리트공사 | F33: {=IFERROR(INDEX(DB!C$2:C$2576,X33),"")} -> 2.4 콘크리트 작업 | H33: {=IFERROR(INDEX(DB!D$2:D$2576,X33),"")} -> 2.4.2 콘크리트 타설 및 다짐 | J33: {=IFERROR(INDEX(DB!O$2:O$2576,X33),"")} -> 무너짐 | L33: {=IFERROR(INDEX(DB!P$2:P$2576,X33),"")} -> 2021년 2월경 OO(주)에서 시공 중인 OO신축공사 현장에서 지하 1층 주차장 바닥 슬라브 타설 작업 중 데크플레이트가 붕괴하여 타설작업자 5명이 떨어져(H≒3.5m) 전원 부상 | M33: {=IFERROR(INDEX(DB!Q$2:Q$2576,X33),"")} -> 데크플레이트 콘크리트 타설 작업 중 데크플레이트(구조적 불안정, 작업방법 불량 등)가 붕괴 | O33: {=IFERROR(INDEX(DB!R$2:R$2576,X33),"")} -> ▶ 데크플레이트를 지지하는 철골빔과 같은 주요 부재 설치시, 용도, 품질, 이음부 발생 시 접합방법 등 사전 확인 ▶ 콘크리트 타설 시 편심발생을 막기위해 집중타설 금지 ▶ 콘크리트 타설 작업 시 데크플레이트의 변형 및 변위 감시를 위한 감시자 배치 | T33: {=IFERROR(_xlfn.AGGREGATE(15,6,ROW(DB!A$2:A$2576)/(((($D$3<>"YES")+($D$3="YES")*(DB!E$2:E$2576="YES"))*(($D$4="")+($D$4<>"")*ISNUMBER(SEARCH($D$4,DB!G$2:G$2576)))*(($D$5="")+($D$5<>"")*(DB!B$2:B$2576=$D$5))*(($D$6="")+($D$6<>"")*(DB!C$2:C$2576=$D$6))*(($D$7="")+($D$7<>"")*(DB!D$2:D$2576=$D$7))*(($F$4="전체")+($F$4<>"전체")*(DB!H$2:H$2576=$F$4)))),ROW()-16)-1,"")} -> 756 | U33: {=IFERROR(INDEX(DB!B$2:B$2576,T33),"")} -> 2. 철근콘크리트공사 | V33: {=IFERROR(INDEX(DB!O$2:O$2576,T33),"")} -> 무너짐 | W33: =IF(T33="","",COUNTIF($U$17:$U$216,"<"&U33)*100+COUNTIF($V$17:$V$216,"<"&V33)+(ROW()-16)*0.001) -> 9392.017 | X33: =IFERROR(INDEX($T$17:$T$216,MATCH(SMALL($W$17:$W$216,ROW()-16),$W$17:$W$216,0)),"") -> 756 | AB33: {=IFERROR(INDEX(AI$17:AI$66,_xlfn.AGGREGATE(15,6,ROW(AI$17:AI$66)-ROW(AI$17)+1/(AJ$17:AJ$66=LARGE(AJ$17:AJ$66,17)),COUNTIF(AC$17:AC32,LARGE(AJ$17:AJ$66,17))+1)),"")} | AC33: =IFERROR(LARGE(AJ$17:AJ$66,17),"") | AE33: {=IFERROR(INDEX(AM$17:AM$66,_xlfn.AGGREGATE(15,6,ROW(AM$17:AM$66)-ROW(AM$17)+1/(AN$17:AN$66=LARGE(AN$17:AN$66,17)),COUNTIF(AF$17:AF32,LARGE(AN$17:AN$66,17))+1)),"")} | AF33: =IFERROR(LARGE(AN$17:AN$66,17),"") | AH33: {=IF(AG33="","",SUMPRODUCT(((($D$4="")+($D$4<>"")*ISNUMBER(SEARCH($D$4,DB!$G$2:$G$2576)))*(($D$3<>"YES")+($D$3="YES")*(DB!$E$2:$E$2576="YES"))*(($F$4="전체")+($F$4<>"전체")*(DB!$H$2:$H$2576=$F$4)))*(DB!$B$2:$B$2576=AG33)*1))} | AI33: {=IFERROR(INDEX(DB!$C$2:$C$2576,_xlfn.AGGREGATE(15,6,ROW(DB!$C$2:$C$2576)-1/((($D$4="")+($D$4<>"")*ISNUMBER(SEARCH($D$4,DB!$G$2:$G$2576)))*(($D$3<>"YES")+($D$3="YES")*(DB!$E$2:$E$2576="YES"))*(($D$5="")+($D$5<>"")*(DB!$B$2:$B$2576=$D$5))*(($D$6="")+($D$6<>"")*(DB!$C$2:$C$2576=$D$6))*(($D$7="")+($D$7<>"")*(DB!$D$2:$D$2576=$D$7))*(($F$4="전체")+($F$4<>"전체")*(DB!$H$2:$H$2576=$F$4))*(COUNTIF(AI$17:AI32,DB!$C$2:$C$2576)=0)),1)),"")} | AJ33: {=IF(AI33="","",SUMPRODUCT(((($D$4="")+($D$4<>"")*ISNUMBER(SEARCH($D$4,DB!$G$2:$G$2576)))*(($D$3<>"YES")+($D$3="YES")*(DB!$E$2:$E$2576="YES"))*(($D$5="")+($D$5<>"")*(DB!$B$2:$B$2576=$D$5))*(($D$6="")+($D$6<>"")*(DB!$C$2:$C$2576=$D$6))*(($D$7="")+($D$7<>"")*(DB!$D$2:$D$2576=$D$7))*(($F$4="전체")+($F$4<>"전체")*(DB!$H$2:$H$2576=$F$4)))*(DB!$C$2:$C$2576=AI33)*1))} | AK33: {=IFERROR(INDEX(DB!$D$2:$D$2576,_xlfn.AGGREGATE(15,6,ROW(DB!$D$2:$D$2576)-1/((($D$4="")+($D$4<>"")*ISNUMBER(SEARCH($D$4,DB!$G$2:$G$2576)))*(($D$3<>"YES")+($D$3="YES")*(DB!$E$2:$E$2576="YES"))*(($F$4="전체")+($F$4<>"전체")*(DB!$H$2:$H$2576=$F$4))*(COUNTIF(AK$16:AK32,DB!$D$2:$D$2576)=0)),17)),"")} | AL33: {=IF(AK33="","",SUMPRODUCT(((($D$4="")+($D$4<>"")*ISNUMBER(SEARCH($D$4,DB!$G$2:$G$2576)))*(($D$3<>"YES")+($D$3="YES")*(DB!$E$2:$E$2576="YES"))*(($F$4="전체")+($F$4<>"전체")*(DB!$H$2:$H$2576=$F$4)))*(DB!$D$2:$D$2576=AK33)*1))} | AM33: {=IFERROR(INDEX(DB!$O$2:$O$2576,_xlfn.AGGREGATE(15,6,ROW(DB!$O$2:$O$2576)-1/((($D$4="")+($D$4<>"")*ISNUMBER(SEARCH($D$4,DB!$G$2:$G$2576)))*(($D$3<>"YES")+($D$3="YES")*(DB!$E$2:$E$2576="YES"))*(($D$5="")+($D$5<>"")*(DB!$B$2:$B$2576=$D$5))*(($D$6="")+($D$6<>"")*(DB!$C$2:$C$2576=$D$6))*(($D$7="")+($D$7<>"")*(DB!$D$2:$D$2576=$D$7))*(($F$4="전체")+($F$4<>"전체")*(DB!$H$2:$H$2576=$F$4))*(COUNTIF(AM$17:AM32,DB!$O$2:$O$2576)=0)),1)),"")} | AN33: {=IF(AM33="","",SUMPRODUCT(((($D$4="")+($D$4<>"")*ISNUMBER(SEARCH($D$4,DB!$G$2:$G$2576)))*(($D$3<>"YES")+($D$3="YES")*(DB!$E$2:$E$2576="YES"))*(($D$5="")+($D$5<>"")*(DB!$B$2:$B$2576=$D$5))*(($D$6="")+($D$6<>"")*(DB!$C$2:$C$2576=$D$6))*(($D$7="")+($D$7<>"")*(DB!$D$2:$D$2576=$D$7))*(($F$4="전체")+($F$4<>"전체")*(DB!$H$2:$H$2576=$F$4)))*(DB!$O$2:$O$2576=AM33)*1))} | AY33: 충전부 | AZ33: 16 | BA33: 69 | BB33: 0.026806527
B34: =IFERROR(IF(X34="","",ROW()-16),"") -> 18 | D34: {=IFERROR(INDEX(DB!B$2:B$2576,X34),"")} -> 2. 철근콘크리트공사 | F34: {=IFERROR(INDEX(DB!C$2:C$2576,X34),"")} -> 2.4 콘크리트 작업 | H34: {=IFERROR(INDEX(DB!D$2:D$2576,X34),"")} -> 2.4.2 콘크리트 타설 및 다짐 | J34: {=IFERROR(INDEX(DB!O$2:O$2576,X34),"")} -> 무너짐 | L34: {=IFERROR(INDEX(DB!P$2:P$2576,X34),"")} -> 2021년 9월경 OO(주)에서 OO신축공사 현장에서 철근콘크리트 공사 협력업체 ㈜OO건업 소속 재해자 3명이 지상 1층 바닥 슬라브 콘크리트를 타설하는 중 슬라브가 붕괴되며 데크플레이트 및 보와 함께 약 8.5m 아래 지하 1층 바닥으로 추락하여 2명 사망, 1명 부상 | M34: {=IFERROR(INDEX(DB!Q$2:Q$2576,X34),"")} -> 데크플레이트 콘크리트 타설 작업 중 데크플레이트(구조적 불안정, 작업방법 불량 등)가 붕괴 | O34: {=IFERROR(INDEX(DB!R$2:R$2576,X34),"")} -> ▶ 데크플레이트를 지지하는 철골빔과 같은 주요 부재 설치시, 용도, 품질, 이음부 발생 시 접합방법 등 사전 확인 ▶ 콘크리트 타설 시 편심발생을 막기위해 집중타설 금지 ▶ 콘크리트 타설 작업 시 데크플레이트의 변형 및 변위 감시를 위한 감시자 배치 | T34: {=IFERROR(_xlfn.AGGREGATE(15,6,ROW(DB!A$2:A$2576)/(((($D$3<>"YES")+($D$3="YES")*(DB!E$2:E$2576="YES"))*(($D$4="")+($D$4<>"")*ISNUMBER(SEARCH($D$4,DB!G$2:G$2576)))*(($D$5="")+($D$5<>"")*(DB!B$2:B$2576=$D$5))*(($D$6="")+($D$6<>"")*(DB!C$2:C$2576=$D$6))*(($D$7="")+($D$7<>"")*(DB!D$2:D$2576=$D$7))*(($F$4="전체")+($F$4<>"전체")*(DB!H$2:H$2576=$F$4)))),ROW()-16)-1,"")} -> 757 | U34: {=IFERROR(INDEX(DB!B$2:B$2576,T34),"")} -> 2. 철근콘크리트공사 | V34: {=IFERROR(INDEX(DB!O$2:O$2576,T34),"")} -> 무너짐 | W34: =IF(T34="","",COUNTIF($U$17:$U$216,"<"&U34)*100+COUNTIF($V$17:$V$216,"<"&V34)+(ROW()-16)*0.001) -> 9392.018 | X34: =IFERROR(INDEX($T$17:$T$216,MATCH(SMALL($W$17:$W$216,ROW()-16),$W$17:$W$216,0)),"") -> 757 | AB34: {=IFERROR(INDEX(AI$17:AI$66,_xlfn.AGGREGATE(15,6,ROW(AI$17:AI$66)-ROW(AI$17)+1/(AJ$17:AJ$66=LARGE(AJ$17:AJ$66,18)),COUNTIF(AC$17:AC33,LARGE(AJ$17:AJ$66,18))+1)),"")} | AC34: =IFERROR(LARGE(AJ$17:AJ$66,18),"") | AE34: {=IFERROR(INDEX(AM$17:AM$66,_xlfn.AGGREGATE(15,6,ROW(AM$17:AM$66)-ROW(AM$17)+1/(AN$17:AN$66=LARGE(AN$17:AN$66,18)),COUNTIF(AF$17:AF33,LARGE(AN$17:AN$66,18))+1)),"")} | AF34: =IFERROR(LARGE(AN$17:AN$66,18),"") | AH34: {=IF(AG34="","",SUMPRODUCT(((($D$4="")+($D$4<>"")*ISNUMBER(SEARCH($D$4,DB!$G$2:$G$2576)))*(($D$3<>"YES")+($D$3="YES")*(DB!$E$2:$E$2576="YES"))*(($F$4="전체")+($F$4<>"전체")*(DB!$H$2:$H$2576=$F$4)))*(DB!$B$2:$B$2576=AG34)*1))} | AI34: {=IFERROR(INDEX(DB!$C$2:$C$2576,_xlfn.AGGREGATE(15,6,ROW(DB!$C$2:$C$2576)-1/((($D$4="")+($D$4<>"")*ISNUMBER(SEARCH($D$4,DB!$G$2:$G$2576)))*(($D$3<>"YES")+($D$3="YES")*(DB!$E$2:$E$2576="YES"))*(($D$5="")+($D$5<>"")*(DB!$B$2:$B$2576=$D$5))*(($D$6="")+($D$6<>"")*(DB!$C$2:$C$2576=$D$6))*(($D$7="")+($D$7<>"")*(DB!$D$2:$D$2576=$D$7))*(($F$4="전체")+($F$4<>"전체")*(DB!$H$2:$H$2576=$F$4))*(COUNTIF(AI$17:AI33,DB!$C$2:$C$2576)=0)),1)),"")} | AJ34: {=IF(AI34="","",SUMPRODUCT(((($D$4="")+($D$4<>"")*ISNUMBER(SEARCH($D$4,DB!$G$2:$G$2576)))*(($D$3<>"YES")+($D$3="YES")*(DB!$E$2:$E$2576="YES"))*(($D$5="")+($D$5<>"")*(DB!$B$2:$B$2576=$D$5))*(($D$6="")+($D$6<>"")*(DB!$C$2:$C$2576=$D$6))*(($D$7="")+($D$7<>"")*(DB!$D$2:$D$2576=$D$7))*(($F$4="전체")+($F$4<>"전체")*(DB!$H$2:$H$2576=$F$4)))*(DB!$C$2:$C$2576=AI34)*1))} | AK34: {=IFERROR(INDEX(DB!$D$2:$D$2576,_xlfn.AGGREGATE(15,6,ROW(DB!$D$2:$D$2576)-1/((($D$4="")+($D$4<>"")*ISNUMBER(SEARCH($D$4,DB!$G$2:$G$2576)))*(($D$3<>"YES")+($D$3="YES")*(DB!$E$2:$E$2576="YES"))*(($F$4="전체")+($F$4<>"전체")*(DB!$H$2:$H$2576=$F$4))*(COUNTIF(AK$16:AK33,DB!$D$2:$D$2576)=0)),18)),"")} | AL34: {=IF(AK34="","",SUMPRODUCT(((($D$4="")+($D$4<>"")*ISNUMBER(SEARCH($D$4,DB!$G$2:$G$2576)))*(($D$3<>"YES")+($D$3="YES")*(DB!$E$2:$E$2576="YES"))*(($F$4="전체")+($F$4<>"전체")*(DB!$H$2:$H$2576=$F$4)))*(DB!$D$2:$D$2576=AK34)*1))} | AM34: {=IFERROR(INDEX(DB!$O$2:$O$2576,_xlfn.AGGREGATE(15,6,ROW(DB!$O$2:$O$2576)-1/((($D$4="")+($D$4<>"")*ISNUMBER(SEARCH($D$4,DB!$G$2:$G$2576)))*(($D$3<>"YES")+($D$3="YES")*(DB!$E$2:$E$2576="YES"))*(($D$5="")+($D$5<>"")*(DB!$B$2:$B$2576=$D$5))*(($D$6="")+($D$6<>"")*(DB!$C$2:$C$2576=$D$6))*(($D$7="")+($D$7<>"")*(DB!$D$2:$D$2576=$D$7))*(($F$4="전체")+($F$4<>"전체")*(DB!$H$2:$H$2576=$F$4))*(COUNTIF(AM$17:AM33,DB!$O$2:$O$2576)=0)),1)),"")} | AN34: {=IF(AM34="","",SUMPRODUCT(((($D$4="")+($D$4<>"")*ISNUMBER(SEARCH($D$4,DB!$G$2:$G$2576)))*(($D$3<>"YES")+($D$3="YES")*(DB!$E$2:$E$2576="YES"))*(($D$5="")+($D$5<>"")*(DB!$B$2:$B$2576=$D$5))*(($D$6="")+($D$6<>"")*(DB!$C$2:$C$2576=$D$6))*(($D$7="")+($D$7<>"")*(DB!$D$2:$D$2576=$D$7))*(($F$4="전체")+($F$4<>"전체")*(DB!$H$2:$H$2576=$F$4)))*(DB!$O$2:$O$2576=AM34)*1))} | AY34: 개구부(기타개구부) | AZ34: 17 | BA34: 67 | BB34: 0.026029526
B35: =IFERROR(IF(X35="","",ROW()-16),"") -> 19 | D35: {=IFERROR(INDEX(DB!B$2:B$2576,X35),"")} -> 3. 철골공사 | F35: {=IFERROR(INDEX(DB!C$2:C$2576,X35),"")} -> 3.1 철골 작업 | H35: {=IFERROR(INDEX(DB!D$2:D$2576,X35),"")} -> 3.1.1 철골 부재반입 및 운반 | J35: {=IFERROR(INDEX(DB!O$2:O$2576,X35),"")} -> 깔림 뒤집힘 | L35: {=IFERROR(INDEX(DB!P$2:P$2576,X35),"")} -> 2016년 9월경 ㈜OO이 시공하는 아파트 신축공사 현장에서 골조공사를 수급받은 ㈜OO건설 소속 형틀공인 재해자가 데크플레이트(Deck Plate, 600×2,400×2.1) 상단에서 지게차 포크(Fork)위에 적재된 자재를 데크플래이트 위로 내리는 작업을 보조하던 중 지게차가 지하1층 콘크리트 바닥을 지나 데크플레이트로 넘어오면서 데크플레이트가 무너지자 재해자가 지게차와 함께 지하2층 바닥으로 떨어져 지게차에 깔려 사망 | M35: {=IFERROR(INDEX(DB!Q$2:Q$2576,X35),"")} -> 지게차가 콘크리트 바닥을 지나 데크플래이트만 설치된 구간으로 넘어오면서 데크플래이트가 무너져 근로자와 같이 추락하여 지게차에 깔림 | O35: {=IFERROR(INDEX(DB!R$2:R$2576,X35),"")} -> ▶ 지게차를 이용하여 운반작업 시 운행경로 및 작업방법 계획 수립 ▶ 차량계 하역운반기계 사용 시 추락위험이 있는 단부까지 운행하는 등 불안전한 작업 금지 ▶ 차량계 하역운반기계를 사용하여 자재 운반 작업 시 위험 장소에서 유도자 배치 | T35: {=IFERROR(_xlfn.AGGREGATE(15,6,ROW(DB!A$2:A$2576)/(((($D$3<>"YES")+($D$3="YES")*(DB!E$2:E$2576="YES"))*(($D$4="")+($D$4<>"")*ISNUMBER(SEARCH($D$4,DB!G$2:G$2576)))*(($D$5="")+($D$5<>"")*(DB!B$2:B$2576=$D$5))*(($D$6="")+($D$6<>"")*(DB!C$2:C$2576=$D$6))*(($D$7="")+($D$7<>"")*(DB!D$2:D$2576=$D$7))*(($F$4="전체")+($F$4<>"전체")*(DB!H$2:H$2576=$F$4)))),ROW()-16)-1,"")} -> 760 | U35: {=IFERROR(INDEX(DB!B$2:B$2576,T35),"")} -> 3. 철골공사 | V35: {=IFERROR(INDEX(DB!O$2:O$2576,T35),"")} -> 떨어짐 | W35: =IF(T35="","",COUNTIF($U$17:$U$216,"<"&U35)*100+COUNTIF($V$17:$V$216,"<"&V35)+(ROW()-16)*0.001) -> 10087.019 | X35: =IFERROR(INDEX($T$17:$T$216,MATCH(SMALL($W$17:$W$216,ROW()-16),$W$17:$W$216,0)),"") -> 761 | AB35: {=IFERROR(INDEX(AI$17:AI$66,_xlfn.AGGREGATE(15,6,ROW(AI$17:AI$66)-ROW(AI$17)+1/(AJ$17:AJ$66=LARGE(AJ$17:AJ$66,19)),COUNTIF(AC$17:AC34,LARGE(AJ$17:AJ$66,19))+1)),"")} | AC35: =IFERROR(LARGE(AJ$17:AJ$66,19),"") | AE35: {=IFERROR(INDEX(AM$17:AM$66,_xlfn.AGGREGATE(15,6,ROW(AM$17:AM$66)-ROW(AM$17)+1/(AN$17:AN$66=LARGE(AN$17:AN$66,19)),COUNTIF(AF$17:AF34,LARGE(AN$17:AN$66,19))+1)),"")} | AF35: =IFERROR(LARGE(AN$17:AN$66,19),"") | AH35: {=IF(AG35="","",SUMPRODUCT(((($D$4="")+($D$4<>"")*ISNUMBER(SEARCH($D$4,DB!$G$2:$G$2576)))*(($D$3<>"YES")+($D$3="YES")*(DB!$E$2:$E$2576="YES"))*(($F$4="전체")+($F$4<>"전체")*(DB!$H$2:$H$2576=$F$4)))*(DB!$B$2:$B$2576=AG35)*1))} | AI35: {=IFERROR(INDEX(DB!$C$2:$C$2576,_xlfn.AGGREGATE(15,6,ROW(DB!$C$2:$C$2576)-1/((($D$4="")+($D$4<>"")*ISNUMBER(SEARCH($D$4,DB!$G$2:$G$2576)))*(($D$3<>"YES")+($D$3="YES")*(DB!$E$2:$E$2576="YES"))*(($D$5="")+($D$5<>"")*(DB!$B$2:$B$2576=$D$5))*(($D$6="")+($D$6<>"")*(DB!$C$2:$C$2576=$D$6))*(($D$7="")+($D$7<>"")*(DB!$D$2:$D$2576=$D$7))*(($F$4="전체")+($F$4<>"전체")*(DB!$H$2:$H$2576=$F$4))*(COUNTIF(AI$17:AI34,DB!$C$2:$C$2576)=0)),1)),"")} | AJ35: {=IF(AI35="","",SUMPRODUCT(((($D$4="")+($D$4<>"")*ISNUMBER(SEARCH($D$4,DB!$G$2:$G$2576)))*(($D$3<>"YES")+($D$3="YES")*(DB!$E$2:$E$2576="YES"))*(($D$5="")+($D$5<>"")*(DB!$B$2:$B$2576=$D$5))*(($D$6="")+($D$6<>"")*(DB!$C$2:$C$2576=$D$6))*(($D$7="")+($D$7<>"")*(DB!$D$2:$D$2576=$D$7))*(($F$4="전체")+($F$4<>"전체")*(DB!$H$2:$H$2576=$F$4)))*(DB!$C$2:$C$2576=AI35)*1))} | AK35: {=IFERROR(INDEX(DB!$D$2:$D$2576,_xlfn.AGGREGATE(15,6,ROW(DB!$D$2:$D$2576)-1/((($D$4="")+($D$4<>"")*ISNUMBER(SEARCH($D$4,DB!$G$2:$G$2576)))*(($D$3<>"YES")+($D$3="YES")*(DB!$E$2:$E$2576="YES"))*(($F$4="전체")+($F$4<>"전체")*(DB!$H$2:$H$2576=$F$4))*(COUNTIF(AK$16:AK34,DB!$D$2:$D$2576)=0)),19)),"")} | AL35: {=IF(AK35="","",SUMPRODUCT(((($D$4="")+($D$4<>"")*ISNUMBER(SEARCH($D$4,DB!$G$2:$G$2576)))*(($D$3<>"YES")+($D$3="YES")*(DB!$E$2:$E$2576="YES"))*(($F$4="전체")+($F$4<>"전체")*(DB!$H$2:$H$2576=$F$4)))*(DB!$D$2:$D$2576=AK35)*1))} | AM35: {=IFERROR(INDEX(DB!$O$2:$O$2576,_xlfn.AGGREGATE(15,6,ROW(DB!$O$2:$O$2576)-1/((($D$4="")+($D$4<>"")*ISNUMBER(SEARCH($D$4,DB!$G$2:$G$2576)))*(($D$3<>"YES")+($D$3="YES")*(DB!$E$2:$E$2576="YES"))*(($D$5="")+($D$5<>"")*(DB!$B$2:$B$2576=$D$5))*(($D$6="")+($D$6<>"")*(DB!$C$2:$C$2576=$D$6))*(($D$7="")+($D$7<>"")*(DB!$D$2:$D$2576=$D$7))*(($F$4="전체")+($F$4<>"전체")*(DB!$H$2:$H$2576=$F$4))*(COUNTIF(AM$17:AM34,DB!$O$2:$O$2576)=0)),1)),"")} | AN35: {=IF(AM35="","",SUMPRODUCT(((($D$4="")+($D$4<>"")*ISNUMBER(SEARCH($D$4,DB!$G$2:$G$2576)))*(($D$3<>"YES")+($D$3="YES")*(DB!$E$2:$E$2576="YES"))*(($D$5="")+($D$5<>"")*(DB!$B$2:$B$2576=$D$5))*(($D$6="")+($D$6<>"")*(DB!$C$2:$C$2576=$D$6))*(($D$7="")+($D$7<>"")*(DB!$D$2:$D$2576=$D$7))*(($F$4="전체")+($F$4<>"전체")*(DB!$H$2:$H$2576=$F$4)))*(DB!$O$2:$O$2576=AM35)*1))} | AY35: 토사 | AZ35: 18 | BA35: 65 | BB35: 0.025252525
B36: =IFERROR(IF(X36="","",ROW()-16),"") -> 20 | D36: {=IFERROR(INDEX(DB!B$2:B$2576,X36),"")} -> 3. 철골공사 | F36: {=IFERROR(INDEX(DB!C$2:C$2576,X36),"")} -> 3.1 철골 작업 | H36: {=IFERROR(INDEX(DB!D$2:D$2576,X36),"")} -> 3.1.2 철골 부재 인양, 조립 | J36: {=IFERROR(INDEX(DB!O$2:O$2576,X36),"")} -> 끼임 | L36: {=IFERROR(INDEX(DB!P$2:P$2576,X36),"")} -> 2016년 7월경 ㈜OO건설이 시공하는 OO 증축공사 현장에서 재해자(철골공)이 현장내에 하역된 철골기둥의 보 연결 브라켓 설치부위의 보양 테이프를 제거하던 중 10m 길이의 철골기둥(중량 약 4.5ton)이 기울어지면서 지면과 철골기둥 사이에 협착되어 사망 | M36: {=IFERROR(INDEX(DB!Q$2:Q$2576,X36),"")} -> 철골기둥의 보 연결 브라켓 설치부위의 보양 테이프를 제거하던 중 발생된 편심이 전도모멘트로 작용하며 철골기둥이 기울어지면서 지면과 철골기둥 사이에 근로자 협착 | O36: {=IFERROR(INDEX(DB!R$2:R$2576,X36),"")} -> ▶ 반입된 철골기둥의 전도방지를 위해 철골기둥 부재 양끝단에 안전블록 등 지지받침대 설치 ▶ 철골기둥을 비스듬히 눕혀놓을 경우 2개의 브라켓을 이용하여 3점 지지하여 작업 실시 ▶ 철골기둥을 바닥으로 인양 시 지면바닥의 평탄화로 지내력 확보 | T36: {=IFERROR(_xlfn.AGGREGATE(15,6,ROW(DB!A$2:A$2576)/(((($D$3<>"YES")+($D$3="YES")*(DB!E$2:E$2576="YES"))*(($D$4="")+($D$4<>"")*ISNUMBER(SEARCH($D$4,DB!G$2:G$2576)))*(($D$5="")+($D$5<>"")*(DB!B$2:B$2576=$D$5))*(($D$6="")+($D$6<>"")*(DB!C$2:C$2576=$D$6))*(($D$7="")+($D$7<>"")*(DB!D$2:D$2576=$D$7))*(($F$4="전체")+($F$4<>"전체")*(DB!H$2:H$2576=$F$4)))),ROW()-16)-1,"")} -> 761 | U36: {=IFERROR(INDEX(DB!B$2:B$2576,T36),"")} -> 3. 철골공사 | V36: {=IFERROR(INDEX(DB!O$2:O$2576,T36),"")} -> 깔림 뒤집힘 | W36: =IF(T36="","",COUNTIF($U$17:$U$216,"<"&U36)*100+COUNTIF($V$17:$V$216,"<"&V36)+(ROW()-16)*0.001) -> 10082.02 | X36: =IFERROR(INDEX($T$17:$T$216,MATCH(SMALL($W$17:$W$216,ROW()-16),$W$17:$W$216,0)),"") -> 778 | AB36: {=IFERROR(INDEX(AI$17:AI$66,_xlfn.AGGREGATE(15,6,ROW(AI$17:AI$66)-ROW(AI$17)+1/(AJ$17:AJ$66=LARGE(AJ$17:AJ$66,20)),COUNTIF(AC$17:AC35,LARGE(AJ$17:AJ$66,20))+1)),"")} | AC36: =IFERROR(LARGE(AJ$17:AJ$66,20),"") | AE36: {=IFERROR(INDEX(AM$17:AM$66,_xlfn.AGGREGATE(15,6,ROW(AM$17:AM$66)-ROW(AM$17)+1/(AN$17:AN$66=LARGE(AN$17:AN$66,20)),COUNTIF(AF$17:AF35,LARGE(AN$17:AN$66,20))+1)),"")} | AF36: =IFERROR(LARGE(AN$17:AN$66,20),"") | AH36: {=IF(AG36="","",SUMPRODUCT(((($D$4="")+($D$4<>"")*ISNUMBER(SEARCH($D$4,DB!$G$2:$G$2576)))*(($D$3<>"YES")+($D$3="YES")*(DB!$E$2:$E$2576="YES"))*(($F$4="전체")+($F$4<>"전체")*(DB!$H$2:$H$2576=$F$4)))*(DB!$B$2:$B$2576=AG36)*1))} | AI36: {=IFERROR(INDEX(DB!$C$2:$C$2576,_xlfn.AGGREGATE(15,6,ROW(DB!$C$2:$C$2576)-1/((($D$4="")+($D$4<>"")*ISNUMBER(SEARCH($D$4,DB!$G$2:$G$2576)))*(($D$3<>"YES")+($D$3="YES")*(DB!$E$2:$E$2576="YES"))*(($D$5="")+($D$5<>"")*(DB!$B$2:$B$2576=$D$5))*(($D$6="")+($D$6<>"")*(DB!$C$2:$C$2576=$D$6))*(($D$7="")+($D$7<>"")*(DB!$D$2:$D$2576=$D$7))*(($F$4="전체")+($F$4<>"전체")*(DB!$H$2:$H$2576=$F$4))*(COUNTIF(AI$17:AI35,DB!$C$2:$C$2576)=0)),1)),"")} | AJ36: {=IF(AI36="","",SUMPRODUCT(((($D$4="")+($D$4<>"")*ISNUMBER(SEARCH($D$4,DB!$G$2:$G$2576)))*(($D$3<>"YES")+($D$3="YES")*(DB!$E$2:$E$2576="YES"))*(($D$5="")+($D$5<>"")*(DB!$B$2:$B$2576=$D$5))*(($D$6="")+($D$6<>"")*(DB!$C$2:$C$2576=$D$6))*(($D$7="")+($D$7<>"")*(DB!$D$2:$D$2576=$D$7))*(($F$4="전체")+($F$4<>"전체")*(DB!$H$2:$H$2576=$F$4)))*(DB!$C$2:$C$2576=AI36)*1))} | AK36: {=IFERROR(INDEX(DB!$D$2:$D$2576,_xlfn.AGGREGATE(15,6,ROW(DB!$D$2:$D$2576)-1/((($D$4="")+($D$4<>"")*ISNUMBER(SEARCH($D$4,DB!$G$2:$G$2576)))*(($D$3<>"YES")+($D$3="YES")*(DB!$E$2:$E$2576="YES"))*(($F$4="전체")+($F$4<>"전체")*(DB!$H$2:$H$2576=$F$4))*(COUNTIF(AK$16:AK35,DB!$D$2:$D$2576)=0)),20)),"")} | AL36: {=IF(AK36="","",SUMPRODUCT(((($D$4="")+($D$4<>"")*ISNUMBER(SEARCH($D$4,DB!$G$2:$G$2576)))*(($D$3<>"YES")+($D$3="YES")*(DB!$E$2:$E$2576="YES"))*(($F$4="전체")+($F$4<>"전체")*(DB!$H$2:$H$2576=$F$4)))*(DB!$D$2:$D$2576=AK36)*1))} | AM36: {=IFERROR(INDEX(DB!$O$2:$O$2576,_xlfn.AGGREGATE(15,6,ROW(DB!$O$2:$O$2576)-1/((($D$4="")+($D$4<>"")*ISNUMBER(SEARCH($D$4,DB!$G$2:$G$2576)))*(($D$3<>"YES")+($D$3="YES")*(DB!$E$2:$E$2576="YES"))*(($D$5="")+($D$5<>"")*(DB!$B$2:$B$2576=$D$5))*(($D$6="")+($D$6<>"")*(DB!$C$2:$C$2576=$D$6))*(($D$7="")+($D$7<>"")*(DB!$D$2:$D$2576=$D$7))*(($F$4="전체")+($F$4<>"전체")*(DB!$H$2:$H$2576=$F$4))*(COUNTIF(AM$17:AM35,DB!$O$2:$O$2576)=0)),1)),"")} | AN36: {=IF(AM36="","",SUMPRODUCT(((($D$4="")+($D$4<>"")*ISNUMBER(SEARCH($D$4,DB!$G$2:$G$2576)))*(($D$3<>"YES")+($D$3="YES")*(DB!$E$2:$E$2576="YES"))*(($D$5="")+($D$5<>"")*(DB!$B$2:$B$2576=$D$5))*(($D$6="")+($D$6<>"")*(DB!$C$2:$C$2576=$D$6))*(($D$7="")+($D$7<>"")*(DB!$D$2:$D$2576=$D$7))*(($F$4="전체")+($F$4<>"전체")*(DB!$H$2:$H$2576=$F$4)))*(DB!$O$2:$O$2576=AM36)*1))} | AY36: 기타자재(내부마감재,시멘트,마대) | AZ36: 19 | BA36: 63 | BB36: 0.024475524
B37: =IFERROR(IF(X37="","",ROW()-16),"") -> 21 | D37: {=IFERROR(INDEX(DB!B$2:B$2576,X37),"")} -> 3. 철골공사 | F37: {=IFERROR(INDEX(DB!C$2:C$2576,X37),"")} -> 3.1 철골 작업 | H37: {=IFERROR(INDEX(DB!D$2:D$2576,X37),"")} -> 3.1.2 철골 부재 인양, 조립 | J37: {=IFERROR(INDEX(DB!O$2:O$2576,X37),"")} -> 넘어짐 | L37: {=IFERROR(INDEX(DB!P$2:P$2576,X37),"")} -> 2016년 12월경 OO 주차장에서 ㈜OO 소속 재해자들이 동료들과 함께 OO눈썰매 축제 운영 준비를 위해 옥외 행사용 철구조물 설치작업 중 철구조물이 넘어져 사망 1명, 부상 1명 | M37: {=IFERROR(INDEX(DB!Q$2:Q$2576,X37),"")} -> 벽체 브레이싱 설치 누락 및 미고정, 지붕 브레이싱 지연 시공 등 불량한 방법으로 철구조물 설치작업 중 철구조물이 넘어짐 | O37: {=IFERROR(INDEX(DB!R$2:R$2576,X37),"")} -> ▶ 구조물 설치시 설계도서 및 건설공사 시방서 준수 | T37: {=IFERROR(_xlfn.AGGREGATE(15,6,ROW(DB!A$2:A$2576)/(((($D$3<>"YES")+($D$3="YES")*(DB!E$2:E$2576="YES"))*(($D$4="")+($D$4<>"")*ISNUMBER(SEARCH($D$4,DB!G$2:G$2576)))*(($D$5="")+($D$5<>"")*(DB!B$2:B$2576=$D$5))*(($D$6="")+($D$6<>"")*(DB!C$2:C$2576=$D$6))*(($D$7="")+($D$7<>"")*(DB!D$2:D$2576=$D$7))*(($F$4="전체")+($F$4<>"전체")*(DB!H$2:H$2576=$F$4)))),ROW()-16)-1,"")} -> 763 | U37: {=IFERROR(INDEX(DB!B$2:B$2576,T37),"")} -> 3. 철골공사 | V37: {=IFERROR(INDEX(DB!O$2:O$2576,T37),"")} -> 떨어짐 | W37: =IF(T37="","",COUNTIF($U$17:$U$216,"<"&U37)*100+COUNTIF($V$17:$V$216,"<"&V37)+(ROW()-16)*0.001) -> 10087.021 | X37: =IFERROR(INDEX($T$17:$T$216,MATCH(SMALL($W$17:$W$216,ROW()-16),$W$17:$W$216,0)),"") -> 785 | AB37: {=IFERROR(INDEX(AI$17:AI$66,_xlfn.AGGREGATE(15,6,ROW(AI$17:AI$66)-ROW(AI$17)+1/(AJ$17:AJ$66=LARGE(AJ$17:AJ$66,21)),COUNTIF(AC$17:AC36,LARGE(AJ$17:AJ$66,21))+1)),"")} | AC37: =IFERROR(LARGE(AJ$17:AJ$66,21),"") | AE37: {=IFERROR(INDEX(AM$17:AM$66,_xlfn.AGGREGATE(15,6,ROW(AM$17:AM$66)-ROW(AM$17)+1/(AN$17:AN$66=LARGE(AN$17:AN$66,21)),COUNTIF(AF$17:AF36,LARGE(AN$17:AN$66,21))+1)),"")} | AF37: =IFERROR(LARGE(AN$17:AN$66,21),"") | AH37: {=IF(AG37="","",SUMPRODUCT(((($D$4="")+($D$4<>"")*ISNUMBER(SEARCH($D$4,DB!$G$2:$G$2576)))*(($D$3<>"YES")+($D$3="YES")*(DB!$E$2:$E$2576="YES"))*(($F$4="전체")+($F$4<>"전체")*(DB!$H$2:$H$2576=$F$4)))*(DB!$B$2:$B$2576=AG37)*1))} | AI37: {=IFERROR(INDEX(DB!$C$2:$C$2576,_xlfn.AGGREGATE(15,6,ROW(DB!$C$2:$C$2576)-1/((($D$4="")+($D$4<>"")*ISNUMBER(SEARCH($D$4,DB!$G$2:$G$2576)))*(($D$3<>"YES")+($D$3="YES")*(DB!$E$2:$E$2576="YES"))*(($D$5="")+($D$5<>"")*(DB!$B$2:$B$2576=$D$5))*(($D$6="")+($D$6<>"")*(DB!$C$2:$C$2576=$D$6))*(($D$7="")+($D$7<>"")*(DB!$D$2:$D$2576=$D$7))*(($F$4="전체")+($F$4<>"전체")*(DB!$H$2:$H$2576=$F$4))*(COUNTIF(AI$17:AI36,DB!$C$2:$C$2576)=0)),1)),"")} | AJ37: {=IF(AI37="","",SUMPRODUCT(((($D$4="")+($D$4<>"")*ISNUMBER(SEARCH($D$4,DB!$G$2:$G$2576)))*(($D$3<>"YES")+($D$3="YES")*(DB!$E$2:$E$2576="YES"))*(($D$5="")+($D$5<>"")*(DB!$B$2:$B$2576=$D$5))*(($D$6="")+($D$6<>"")*(DB!$C$2:$C$2576=$D$6))*(($D$7="")+($D$7<>"")*(DB!$D$2:$D$2576=$D$7))*(($F$4="전체")+($F$4<>"전체")*(DB!$H$2:$H$2576=$F$4)))*(DB!$C$2:$C$2576=AI37)*1))} | AK37: {=IFERROR(INDEX(DB!$D$2:$D$2576,_xlfn.AGGREGATE(15,6,ROW(DB!$D$2:$D$2576)-1/((($D$4="")+($D$4<>"")*ISNUMBER(SEARCH($D$4,DB!$G$2:$G$2576)))*(($D$3<>"YES")+($D$3="YES")*(DB!$E$2:$E$2576="YES"))*(($F$4="전체")+($F$4<>"전체")*(DB!$H$2:$H$2576=$F$4))*(COUNTIF(AK$16:AK36,DB!$D$2:$D$2576)=0)),21)),"")} | AL37: {=IF(AK37="","",SUMPRODUCT(((($D$4="")+($D$4<>"")*ISNUMBER(SEARCH($D$4,DB!$G$2:$G$2576)))*(($D$3<>"YES")+($D$3="YES")*(DB!$E$2:$E$2576="YES"))*(($F$4="전체")+($F$4<>"전체")*(DB!$H$2:$H$2576=$F$4)))*(DB!$D$2:$D$2576=AK37)*1))} | AM37: {=IFERROR(INDEX(DB!$O$2:$O$2576,_xlfn.AGGREGATE(15,6,ROW(DB!$O$2:$O$2576)-1/((($D$4="")+($D$4<>"")*ISNUMBER(SEARCH($D$4,DB!$G$2:$G$2576)))*(($D$3<>"YES")+($D$3="YES")*(DB!$E$2:$E$2576="YES"))*(($D$5="")+($D$5<>"")*(DB!$B$2:$B$2576=$D$5))*(($D$6="")+($D$6<>"")*(DB!$C$2:$C$2576=$D$6))*(($D$7="")+($D$7<>"")*(DB!$D$2:$D$2576=$D$7))*(($F$4="전체")+($F$4<>"전체")*(DB!$H$2:$H$2576=$F$4))*(COUNTIF(AM$17:AM36,DB!$O$2:$O$2576)=0)),1)),"")} | AN37: {=IF(AM37="","",SUMPRODUCT(((($D$4="")+($D$4<>"")*ISNUMBER(SEARCH($D$4,DB!$G$2:$G$2576)))*(($D$3<>"YES")+($D$3="YES")*(DB!$E$2:$E$2576="YES"))*(($D$5="")+($D$5<>"")*(DB!$B$2:$B$2576=$D$5))*(($D$6="")+($D$6<>"")*(DB!$C$2:$C$2576=$D$6))*(($D$7="")+($D$7<>"")*(DB!$D$2:$D$2576=$D$7))*(($F$4="전체")+($F$4<>"전체")*(DB!$H$2:$H$2576=$F$4)))*(DB!$O$2:$O$2576=AM37)*1))} | AY37: 이동식크레인 | AZ37: 20 | BA37: 61 | BB37: 0.023698524
B38: =IFERROR(IF(X38="","",ROW()-16),"") -> 22 | D38: {=IFERROR(INDEX(DB!B$2:B$2576,X38),"")} -> 3. 철골공사 | F38: {=IFERROR(INDEX(DB!C$2:C$2576,X38),"")} -> 3.1 철골 작업 | H38: {=IFERROR(INDEX(DB!D$2:D$2576,X38),"")} -> 3.1.1 철골 부재반입 및 운반 | J38: {=IFERROR(INDEX(DB!O$2:O$2576,X38),"")} -> 떨어짐 | L38: {=IFERROR(INDEX(DB!P$2:P$2576,X38),"")} -> 2015년 12월경 OO골프장 천정 그물망 보수공사 현장에서 재해자(도비공)가 동료 근로자와 함께 철구조물 기둥 상부에서 수직 그물망 설치 작업 중 실족하여 약 35m 아래 지상바닥으로 떨어져 사망(추정) | M38: {=IFERROR(INDEX(DB!Q$2:Q$2576,X38),"")} -> 동료 근로자와 함께 철구조물 기둥 상부에서 수직 그물망 설치 작업 중 실족하여 약 35m 아래 지상바닥으로 떨어짐 | O38: {=IFERROR(INDEX(DB!R$2:R$2576,X38),"")} -> ▶ 추락위험장소에서 작업 시 안전대 부착설비 설치 및 안전대 착용 ▶ 철골작업장에서 볼트 조입 작업 시 달대비계 등 안전한 작업 발판 설치 후 작업 | T38: {=IFERROR(_xlfn.AGGREGATE(15,6,ROW(DB!A$2:A$2576)/(((($D$3<>"YES")+($D$3="YES")*(DB!E$2:E$2576="YES"))*(($D$4="")+($D$4<>"")*ISNUMBER(SEARCH($D$4,DB!G$2:G$2576)))*(($D$5="")+($D$5<>"")*(DB!B$2:B$2576=$D$5))*(($D$6="")+($D$6<>"")*(DB!C$2:C$2576=$D$6))*(($D$7="")+($D$7<>"")*(DB!D$2:D$2576=$D$7))*(($F$4="전체")+($F$4<>"전체")*(DB!H$2:H$2576=$F$4)))),ROW()-16)-1,"")} -> 766 | U38: {=IFERROR(INDEX(DB!B$2:B$2576,T38),"")} -> 3. 철골공사 | V38: {=IFERROR(INDEX(DB!O$2:O$2576,T38),"")} -> 떨어짐 | W38: =IF(T38="","",COUNTIF($U$17:$U$216,"<"&U38)*100+COUNTIF($V$17:$V$216,"<"&V38)+(ROW()-16)*0.001) -> 10087.022 | X38: =IFERROR(INDEX($T$17:$T$216,MATCH(SMALL($W$17:$W$216,ROW()-16),$W$17:$W$216,0)),"") -> 760 | AB38: {=IFERROR(INDEX(AI$17:AI$66,_xlfn.AGGREGATE(15,6,ROW(AI$17:AI$66)-ROW(AI$17)+1/(AJ$17:AJ$66=LARGE(AJ$17:AJ$66,22)),COUNTIF(AC$17:AC37,LARGE(AJ$17:AJ$66,22))+1)),"")} | AC38: =IFERROR(LARGE(AJ$17:AJ$66,22),"") | AE38: {=IFERROR(INDEX(AM$17:AM$66,_xlfn.AGGREGATE(15,6,ROW(AM$17:AM$66)-ROW(AM$17)+1/(AN$17:AN$66=LARGE(AN$17:AN$66,22)),COUNTIF(AF$17:AF37,LARGE(AN$17:AN$66,22))+1)),"")} | AF38: =IFERROR(LARGE(AN$17:AN$66,22),"") | AH38: {=IF(AG38="","",SUMPRODUCT(((($D$4="")+($D$4<>"")*ISNUMBER(SEARCH($D$4,DB!$G$2:$G$2576)))*(($D$3<>"YES")+($D$3="YES")*(DB!$E$2:$E$2576="YES"))*(($F$4="전체")+($F$4<>"전체")*(DB!$H$2:$H$2576=$F$4)))*(DB!$B$2:$B$2576=AG38)*1))} | AI38: {=IFERROR(INDEX(DB!$C$2:$C$2576,_xlfn.AGGREGATE(15,6,ROW(DB!$C$2:$C$2576)-1/((($D$4="")+($D$4<>"")*ISNUMBER(SEARCH($D$4,DB!$G$2:$G$2576)))*(($D$3<>"YES")+($D$3="YES")*(DB!$E$2:$E$2576="YES"))*(($D$5="")+($D$5<>"")*(DB!$B$2:$B$2576=$D$5))*(($D$6="")+($D$6<>"")*(DB!$C$2:$C$2576=$D$6))*(($D$7="")+($D$7<>"")*(DB!$D$2:$D$2576=$D$7))*(($F$4="전체")+($F$4<>"전체")*(DB!$H$2:$H$2576=$F$4))*(COUNTIF(AI$17:AI37,DB!$C$2:$C$2576)=0)),1)),"")} | AJ38: {=IF(AI38="","",SUMPRODUCT(((($D$4="")+($D$4<>"")*ISNUMBER(SEARCH($D$4,DB!$G$2:$G$2576)))*(($D$3<>"YES")+($D$3="YES")*(DB!$E$2:$E$2576="YES"))*(($D$5="")+($D$5<>"")*(DB!$B$2:$B$2576=$D$5))*(($D$6="")+($D$6<>"")*(DB!$C$2:$C$2576=$D$6))*(($D$7="")+($D$7<>"")*(DB!$D$2:$D$2576=$D$7))*(($F$4="전체")+($F$4<>"전체")*(DB!$H$2:$H$2576=$F$4)))*(DB!$C$2:$C$2576=AI38)*1))} | AK38: {=IFERROR(INDEX(DB!$D$2:$D$2576,_xlfn.AGGREGATE(15,6,ROW(DB!$D$2:$D$2576)-1/((($D$4="")+($D$4<>"")*ISNUMBER(SEARCH($D$4,DB!$G$2:$G$2576)))*(($D$3<>"YES")+($D$3="YES")*(DB!$E$2:$E$2576="YES"))*(($F$4="전체")+($F$4<>"전체")*(DB!$H$2:$H$2576=$F$4))*(COUNTIF(AK$16:AK37,DB!$D$2:$D$2576)=0)),22)),"")} | AL38: {=IF(AK38="","",SUMPRODUCT(((($D$4="")+($D$4<>"")*ISNUMBER(SEARCH($D$4,DB!$G$2:$G$2576)))*(($D$3<>"YES")+($D$3="YES")*(DB!$E$2:$E$2576="YES"))*(($F$4="전체")+($F$4<>"전체")*(DB!$H$2:$H$2576=$F$4)))*(DB!$D$2:$D$2576=AK38)*1))} | AM38: {=IFERROR(INDEX(DB!$O$2:$O$2576,_xlfn.AGGREGATE(15,6,ROW(DB!$O$2:$O$2576)-1/((($D$4="")+($D$4<>"")*ISNUMBER(SEARCH($D$4,DB!$G$2:$G$2576)))*(($D$3<>"YES")+($D$3="YES")*(DB!$E$2:$E$2576="YES"))*(($D$5="")+($D$5<>"")*(DB!$B$2:$B$2576=$D$5))*(($D$6="")+($D$6<>"")*(DB!$C$2:$C$2576=$D$6))*(($D$7="")+($D$7<>"")*(DB!$D$2:$D$2576=$D$7))*(($F$4="전체")+($F$4<>"전체")*(DB!$H$2:$H$2576=$F$4))*(COUNTIF(AM$17:AM37,DB!$O$2:$O$2576)=0)),1)),"")} | AN38: {=IF(AM38="","",SUMPRODUCT(((($D$4="")+($D$4<>"")*ISNUMBER(SEARCH($D$4,DB!$G$2:$G$2576)))*(($D$3<>"YES")+($D$3="YES")*(DB!$E$2:$E$2576="YES"))*(($D$5="")+($D$5<>"")*(DB!$B$2:$B$2576=$D$5))*(($D$6="")+($D$6<>"")*(DB!$C$2:$C$2576=$D$6))*(($D$7="")+($D$7<>"")*(DB!$D$2:$D$2576=$D$7))*(($F$4="전체")+($F$4<>"전체")*(DB!$H$2:$H$2576=$F$4)))*(DB!$O$2:$O$2576=AM38)*1))} | AY38: 화학물질 | AZ38: 21 | BA38: 50 | BB38: 0.019425019
B39: =IFERROR(IF(X39="","",ROW()-16),"") -> 23 | D39: {=IFERROR(INDEX(DB!B$2:B$2576,X39),"")} -> 3. 철골공사 | F39: {=IFERROR(INDEX(DB!C$2:C$2576,X39),"")} -> 3.1 철골 작업 | H39: {=IFERROR(INDEX(DB!D$2:D$2576,X39),"")} -> 3.1.1 철골 부재반입 및 운반 | J39: {=IFERROR(INDEX(DB!O$2:O$2576,X39),"")} -> 떨어짐 | L39: {=IFERROR(INDEX(DB!P$2:P$2576,X39),"")} -> 2017년 5월경 OO(주) OO 증축공사 현장에서 재해자가 지상 1층에 설치된 안전난간을 넘어 철골빔으로 이동하던 중 지하 1층 바닥으로 떨어져(약6.7m) 사망 | M39: {=IFERROR(INDEX(DB!Q$2:Q$2576,X39),"")} -> 설치된 안전난간을 넘어 철골빔으로 이동하던 중 바닥으로 근로자 추락 | O39: {=IFERROR(INDEX(DB!R$2:R$2576,X39),"")} -> ▶ 철골 설치 작업장으로 이동가능한 통행로 설치 시 통행로 구간에 개폐식 구조의 안전난간을 설치하여 안전난간을 열고 안전대를 체결한 상태에서 철골빔으로 이동할 수 있도록 조치 ▶ 작업발판 단부에 추락방망 등 설치를 통한 추락방지조치 실시 | T39: {=IFERROR(_xlfn.AGGREGATE(15,6,ROW(DB!A$2:A$2576)/(((($D$3<>"YES")+($D$3="YES")*(DB!E$2:E$2576="YES"))*(($D$4="")+($D$4<>"")*ISNUMBER(SEARCH($D$4,DB!G$2:G$2576)))*(($D$5="")+($D$5<>"")*(DB!B$2:B$2576=$D$5))*(($D$6="")+($D$6<>"")*(DB!C$2:C$2576=$D$6))*(($D$7="")+($D$7<>"")*(DB!D$2:D$2576=$D$7))*(($F$4="전체")+($F$4<>"전체")*(DB!H$2:H$2576=$F$4)))),ROW()-16)-1,"")} -> 768 | U39: {=IFERROR(INDEX(DB!B$2:B$2576,T39),"")} -> 3. 철골공사 | V39: {=IFERROR(INDEX(DB!O$2:O$2576,T39),"")} -> 떨어짐 | W39: =IF(T39="","",COUNTIF($U$17:$U$216,"<"&U39)*100+COUNTIF($V$17:$V$216,"<"&V39)+(ROW()-16)*0.001) -> 10087.023 | X39: =IFERROR(INDEX($T$17:$T$216,MATCH(SMALL($W$17:$W$216,ROW()-16),$W$17:$W$216,0)),"") -> 763 | AB39: {=IFERROR(INDEX(AI$17:AI$66,_xlfn.AGGREGATE(15,6,ROW(AI$17:AI$66)-ROW(AI$17)+1/(AJ$17:AJ$66=LARGE(AJ$17:AJ$66,23)),COUNTIF(AC$17:AC38,LARGE(AJ$17:AJ$66,23))+1)),"")} | AC39: =IFERROR(LARGE(AJ$17:AJ$66,23),"") | AE39: {=IFERROR(INDEX(AM$17:AM$66,_xlfn.AGGREGATE(15,6,ROW(AM$17:AM$66)-ROW(AM$17)+1/(AN$17:AN$66=LARGE(AN$17:AN$66,23)),COUNTIF(AF$17:AF38,LARGE(AN$17:AN$66,23))+1)),"")} | AF39: =IFERROR(LARGE(AN$17:AN$66,23),"") | AH39: {=IF(AG39="","",SUMPRODUCT(((($D$4="")+($D$4<>"")*ISNUMBER(SEARCH($D$4,DB!$G$2:$G$2576)))*(($D$3<>"YES")+($D$3="YES")*(DB!$E$2:$E$2576="YES"))*(($F$4="전체")+($F$4<>"전체")*(DB!$H$2:$H$2576=$F$4)))*(DB!$B$2:$B$2576=AG39)*1))} | AI39: {=IFERROR(INDEX(DB!$C$2:$C$2576,_xlfn.AGGREGATE(15,6,ROW(DB!$C$2:$C$2576)-1/((($D$4="")+($D$4<>"")*ISNUMBER(SEARCH($D$4,DB!$G$2:$G$2576)))*(($D$3<>"YES")+($D$3="YES")*(DB!$E$2:$E$2576="YES"))*(($D$5="")+($D$5<>"")*(DB!$B$2:$B$2576=$D$5))*(($D$6="")+($D$6<>"")*(DB!$C$2:$C$2576=$D$6))*(($D$7="")+($D$7<>"")*(DB!$D$2:$D$2576=$D$7))*(($F$4="전체")+($F$4<>"전체")*(DB!$H$2:$H$2576=$F$4))*(COUNTIF(AI$17:AI38,DB!$C$2:$C$2576)=0)),1)),"")} | AJ39: {=IF(AI39="","",SUMPRODUCT(((($D$4="")+($D$4<>"")*ISNUMBER(SEARCH($D$4,DB!$G$2:$G$2576)))*(($D$3<>"YES")+($D$3="YES")*(DB!$E$2:$E$2576="YES"))*(($D$5="")+($D$5<>"")*(DB!$B$2:$B$2576=$D$5))*(($D$6="")+($D$6<>"")*(DB!$C$2:$C$2576=$D$6))*(($D$7="")+($D$7<>"")*(DB!$D$2:$D$2576=$D$7))*(($F$4="전체")+($F$4<>"전체")*(DB!$H$2:$H$2576=$F$4)))*(DB!$C$2:$C$2576=AI39)*1))} | AK39: {=IFERROR(INDEX(DB!$D$2:$D$2576,_xlfn.AGGREGATE(15,6,ROW(DB!$D$2:$D$2576)-1/((($D$4="")+($D$4<>"")*ISNUMBER(SEARCH($D$4,DB!$G$2:$G$2576)))*(($D$3<>"YES")+($D$3="YES")*(DB!$E$2:$E$2576="YES"))*(($F$4="전체")+($F$4<>"전체")*(DB!$H$2:$H$2576=$F$4))*(COUNTIF(AK$16:AK38,DB!$D$2:$D$2576)=0)),23)),"")} | AL39: {=IF(AK39="","",SUMPRODUCT(((($D$4="")+($D$4<>"")*ISNUMBER(SEARCH($D$4,DB!$G$2:$G$2576)))*(($D$3<>"YES")+($D$3="YES")*(DB!$E$2:$E$2576="YES"))*(($F$4="전체")+($F$4<>"전체")*(DB!$H$2:$H$2576=$F$4)))*(DB!$D$2:$D$2576=AK39)*1))} | AM39: {=IFERROR(INDEX(DB!$O$2:$O$2576,_xlfn.AGGREGATE(15,6,ROW(DB!$O$2:$O$2576)-1/((($D$4="")+($D$4<>"")*ISNUMBER(SEARCH($D$4,DB!$G$2:$G$2576)))*(($D$3<>"YES")+($D$3="YES")*(DB!$E$2:$E$2576="YES"))*(($D$5="")+($D$5<>"")*(DB!$B$2:$B$2576=$D$5))*(($D$6="")+($D$6<>"")*(DB!$C$2:$C$2576=$D$6))*(($D$7="")+($D$7<>"")*(DB!$D$2:$D$2576=$D$7))*(($F$4="전체")+($F$4<>"전체")*(DB!$H$2:$H$2576=$F$4))*(COUNTIF(AM$17:AM38,DB!$O$2:$O$2576)=0)),1)),"")} | AN39: {=IF(AM39="","",SUMPRODUCT(((($D$4="")+($D$4<>"")*ISNUMBER(SEARCH($D$4,DB!$G$2:$G$2576)))*(($D$3<>"YES")+($D$3="YES")*(DB!$E$2:$E$2576="YES"))*(($D$5="")+($D$5<>"")*(DB!$B$2:$B$2576=$D$5))*(($D$6="")+($D$6<>"")*(DB!$C$2:$C$2576=$D$6))*(($D$7="")+($D$7<>"")*(DB!$D$2:$D$2576=$D$7))*(($F$4="전체")+($F$4<>"전체")*(DB!$H$2:$H$2576=$F$4)))*(DB!$O$2:$O$2576=AM39)*1))} | AY39: 기타구조물 | AZ39: 22 | BA39: 47 | BB39: 0.018259518
B40: =IFERROR(IF(X40="","",ROW()-16),"") -> 24 | D40: {=IFERROR(INDEX(DB!B$2:B$2576,X40),"")} -> 3. 철골공사 | F40: {=IFERROR(INDEX(DB!C$2:C$2576,X40),"")} -> 3.1 철골 작업 | H40: {=IFERROR(INDEX(DB!D$2:D$2576,X40),"")} -> 3.1.1 철골 부재반입 및 운반 | J40: {=IFERROR(INDEX(DB!O$2:O$2576,X40),"")} -> 떨어짐 | L40: {=IFERROR(INDEX(DB!P$2:P$2576,X40),"")} -> 2018년 4월경 OO공장 천막공사 현장에서 천막 설치를 위한 파이프구조물을 카고크레인으로 양중작업 중 재해자가 양중물인 파이프구조물의 흔들림이 발생하면서 충돌하여 약 4.6m 옹벽 바닥 경사면으로 추락하여 사망 | M40: {=IFERROR(INDEX(DB!Q$2:Q$2576,X40),"")} -> 카고 크레인으로 철골구조물을 양중하던 중 철골구조물의 흔들림으로 인해 작업자와 충돌 후 추락 | O40: {=IFERROR(INDEX(DB!R$2:R$2576,X40),"")} -> ▶ 양중작업 시 유도로프를 설치하여 양중물의 선회 또는 흔들림을 사전에 예방 ▶ 양중작업 시, 양중물의 형상과 그에 따른 줄걸이의 적정성 검토 ▶ 양중작업 시, 지상에서 양중물을 일정 높이 상승케 한 후 줄걸이 상태 재확인 | T40: {=IFERROR(_xlfn.AGGREGATE(15,6,ROW(DB!A$2:A$2576)/(((($D$3<>"YES")+($D$3="YES")*(DB!E$2:E$2576="YES"))*(($D$4="")+($D$4<>"")*ISNUMBER(SEARCH($D$4,DB!G$2:G$2576)))*(($D$5="")+($D$5<>"")*(DB!B$2:B$2576=$D$5))*(($D$6="")+($D$6<>"")*(DB!C$2:C$2576=$D$6))*(($D$7="")+($D$7<>"")*(DB!D$2:D$2576=$D$7))*(($F$4="전체")+($F$4<>"전체")*(DB!H$2:H$2576=$F$4)))),ROW()-16)-1,"")} -> 771 | U40: {=IFERROR(INDEX(DB!B$2:B$2576,T40),"")} -> 3. 철골공사 | V40: {=IFERROR(INDEX(DB!O$2:O$2576,T40),"")} -> 떨어짐 | W40: =IF(T40="","",COUNTIF($U$17:$U$216,"<"&U40)*100+COUNTIF($V$17:$V$216,"<"&V40)+(ROW()-16)*0.001) -> 10087.024 | X40: =IFERROR(INDEX($T$17:$T$216,MATCH(SMALL($W$17:$W$216,ROW()-16),$W$17:$W$216,0)),"") -> 766 | AB40: {=IFERROR(INDEX(AI$17:AI$66,_xlfn.AGGREGATE(15,6,ROW(AI$17:AI$66)-ROW(AI$17)+1/(AJ$17:AJ$66=LARGE(AJ$17:AJ$66,24)),COUNTIF(AC$17:AC39,LARGE(AJ$17:AJ$66,24))+1)),"")} | AC40: =IFERROR(LARGE(AJ$17:AJ$66,24),"") | AE40: {=IFERROR(INDEX(AM$17:AM$66,_xlfn.AGGREGATE(15,6,ROW(AM$17:AM$66)-ROW(AM$17)+1/(AN$17:AN$66=LARGE(AN$17:AN$66,24)),COUNTIF(AF$17:AF39,LARGE(AN$17:AN$66,24))+1)),"")} | AF40: =IFERROR(LARGE(AN$17:AN$66,24),"") | AH40: {=IF(AG40="","",SUMPRODUCT(((($D$4="")+($D$4<>"")*ISNUMBER(SEARCH($D$4,DB!$G$2:$G$2576)))*(($D$3<>"YES")+($D$3="YES")*(DB!$E$2:$E$2576="YES"))*(($F$4="전체")+($F$4<>"전체")*(DB!$H$2:$H$2576=$F$4)))*(DB!$B$2:$B$2576=AG40)*1))} | AI40: {=IFERROR(INDEX(DB!$C$2:$C$2576,_xlfn.AGGREGATE(15,6,ROW(DB!$C$2:$C$2576)-1/((($D$4="")+($D$4<>"")*ISNUMBER(SEARCH($D$4,DB!$G$2:$G$2576)))*(($D$3<>"YES")+($D$3="YES")*(DB!$E$2:$E$2576="YES"))*(($D$5="")+($D$5<>"")*(DB!$B$2:$B$2576=$D$5))*(($D$6="")+($D$6<>"")*(DB!$C$2:$C$2576=$D$6))*(($D$7="")+($D$7<>"")*(DB!$D$2:$D$2576=$D$7))*(($F$4="전체")+($F$4<>"전체")*(DB!$H$2:$H$2576=$F$4))*(COUNTIF(AI$17:AI39,DB!$C$2:$C$2576)=0)),1)),"")} | AJ40: {=IF(AI40="","",SUMPRODUCT(((($D$4="")+($D$4<>"")*ISNUMBER(SEARCH($D$4,DB!$G$2:$G$2576)))*(($D$3<>"YES")+($D$3="YES")*(DB!$E$2:$E$2576="YES"))*(($D$5="")+($D$5<>"")*(DB!$B$2:$B$2576=$D$5))*(($D$6="")+($D$6<>"")*(DB!$C$2:$C$2576=$D$6))*(($D$7="")+($D$7<>"")*(DB!$D$2:$D$2576=$D$7))*(($F$4="전체")+($F$4<>"전체")*(DB!$H$2:$H$2576=$F$4)))*(DB!$C$2:$C$2576=AI40)*1))} | AK40: {=IFERROR(INDEX(DB!$D$2:$D$2576,_xlfn.AGGREGATE(15,6,ROW(DB!$D$2:$D$2576)-1/((($D$4="")+($D$4<>"")*ISNUMBER(SEARCH($D$4,DB!$G$2:$G$2576)))*(($D$3<>"YES")+($D$3="YES")*(DB!$E$2:$E$2576="YES"))*(($F$4="전체")+($F$4<>"전체")*(DB!$H$2:$H$2576=$F$4))*(COUNTIF(AK$16:AK39,DB!$D$2:$D$2576)=0)),24)),"")} | AL40: {=IF(AK40="","",SUMPRODUCT(((($D$4="")+($D$4<>"")*ISNUMBER(SEARCH($D$4,DB!$G$2:$G$2576)))*(($D$3<>"YES")+($D$3="YES")*(DB!$E$2:$E$2576="YES"))*(($F$4="전체")+($F$4<>"전체")*(DB!$H$2:$H$2576=$F$4)))*(DB!$D$2:$D$2576=AK40)*1))} | AM40: {=IFERROR(INDEX(DB!$O$2:$O$2576,_xlfn.AGGREGATE(15,6,ROW(DB!$O$2:$O$2576)-1/((($D$4="")+($D$4<>"")*ISNUMBER(SEARCH($D$4,DB!$G$2:$G$2576)))*(($D$3<>"YES")+($D$3="YES")*(DB!$E$2:$E$2576="YES"))*(($D$5="")+($D$5<>"")*(DB!$B$2:$B$2576=$D$5))*(($D$6="")+($D$6<>"")*(DB!$C$2:$C$2576=$D$6))*(($D$7="")+($D$7<>"")*(DB!$D$2:$D$2576=$D$7))*(($F$4="전체")+($F$4<>"전체")*(DB!$H$2:$H$2576=$F$4))*(COUNTIF(AM$17:AM39,DB!$O$2:$O$2576)=0)),1)),"")} | AN40: {=IF(AM40="","",SUMPRODUCT(((($D$4="")+($D$4<>"")*ISNUMBER(SEARCH($D$4,DB!$G$2:$G$2576)))*(($D$3<>"YES")+($D$3="YES")*(DB!$E$2:$E$2576="YES"))*(($D$5="")+($D$5<>"")*(DB!$B$2:$B$2576=$D$5))*(($D$6="")+($D$6<>"")*(DB!$C$2:$C$2576=$D$6))*(($D$7="")+($D$7<>"")*(DB!$D$2:$D$2576=$D$7))*(($F$4="전체")+($F$4<>"전체")*(DB!$H$2:$H$2576=$F$4)))*(DB!$O$2:$O$2576=AM40)*1))} | AY40: 각재(파이프,강관,합판) | AZ40: 23 | BA40: 39 | BB40: 0.015151515
B41: =IFERROR(IF(X41="","",ROW()-16),"") -> 25 | D41: {=IFERROR(INDEX(DB!B$2:B$2576,X41),"")} -> 3. 철골공사 | F41: {=IFERROR(INDEX(DB!C$2:C$2576,X41),"")} -> 3.1 철골 작업 | H41: {=IFERROR(INDEX(DB!D$2:D$2576,X41),"")} -> 3.1.1 철골 부재반입 및 운반 | J41: {=IFERROR(INDEX(DB!O$2:O$2576,X41),"")} -> 떨어짐 | L41: {=IFERROR(INDEX(DB!P$2:P$2576,X41),"")} -> 2019년 8월경 아파트 견본주택 설치 현장에서 OO(주) 소속 재해자(판넬조립공)가 견본주택 철골지붕 위에서 이동식크레인으로 인양된 지붕용 샌드위치판넬 묶음을 철골지붕 위에 야적하는 작업 중 우천으로 작업이 중지되어 철골지붕 거더(폭 350mm, H형강=350*175*7*11)에서 지상으로 내려오기 위해 이동하다 중심을 잃고 미끄러지며 철골지붕 거더에서 2층 바닥슬라브(H≒7m)으로 떨어져 사망 | M41: {=IFERROR(INDEX(DB!Q$2:Q$2576,X41),"")} -> 철골 구조물 하부에 안전방망을 설치하지 않은 현장에서 안전대를 체결하지 않고 철골 상부에서 이동하다 근로자가 몸의 중심을 잃고 추락 | O41: {=IFERROR(INDEX(DB!R$2:R$2576,X41),"")} -> ▶ 철골 보 상부에서 이동시 추락방지를 위해 안전대 부착설비 설치 및 안전대 착용 ▶ 승강용 사다리를 이용하여 이동할 경우 추락방지를 위해 안전대 체결 ▶ 이동식크레인의 붐대 간섭 등 추락방망 설치가 곤란할 경우 철골 조립작업 전 지상애서 안전대 부착설비 설치 후 인양하여 조립 후 상부에서 안전대 체결하여 작업 | T41: {=IFERROR(_xlfn.AGGREGATE(15,6,ROW(DB!A$2:A$2576)/(((($D$3<>"YES")+($D$3="YES")*(DB!E$2:E$2576="YES"))*(($D$4="")+($D$4<>"")*ISNUMBER(SEARCH($D$4,DB!G$2:G$2576)))*(($D$5="")+($D$5<>"")*(DB!B$2:B$2576=$D$5))*(($D$6="")+($D$6<>"")*(DB!C$2:C$2576=$D$6))*(($D$7="")+($D$7<>"")*(DB!D$2:D$2576=$D$7))*(($F$4="전체")+($F$4<>"전체")*(DB!H$2:H$2576=$F$4)))),ROW()-16)-1,"")} -> 773 | U41: {=IFERROR(INDEX(DB!B$2:B$2576,T41),"")} -> 3. 철골공사 | V41: {=IFERROR(INDEX(DB!O$2:O$2576,T41),"")} -> 떨어짐 | W41: =IF(T41="","",COUNTIF($U$17:$U$216,"<"&U41)*100+COUNTIF($V$17:$V$216,"<"&V41)+(ROW()-16)*0.001) -> 10087.025 | X41: =IFERROR(INDEX($T$17:$T$216,MATCH(SMALL($W$17:$W$216,ROW()-16),$W$17:$W$216,0)),"") -> 768 | AB41: {=IFERROR(INDEX(AI$17:AI$66,_xlfn.AGGREGATE(15,6,ROW(AI$17:AI$66)-ROW(AI$17)+1/(AJ$17:AJ$66=LARGE(AJ$17:AJ$66,25)),COUNTIF(AC$17:AC40,LARGE(AJ$17:AJ$66,25))+1)),"")} | AC41: =IFERROR(LARGE(AJ$17:AJ$66,25),"") | AE41: {=IFERROR(INDEX(AM$17:AM$66,_xlfn.AGGREGATE(15,6,ROW(AM$17:AM$66)-ROW(AM$17)+1/(AN$17:AN$66=LARGE(AN$17:AN$66,25)),COUNTIF(AF$17:AF40,LARGE(AN$17:AN$66,25))+1)),"")} | AF41: =IFERROR(LARGE(AN$17:AN$66,25),"") | AH41: {=IF(AG41="","",SUMPRODUCT(((($D$4="")+($D$4<>"")*ISNUMBER(SEARCH($D$4,DB!$G$2:$G$2576)))*(($D$3<>"YES")+($D$3="YES")*(DB!$E$2:$E$2576="YES"))*(($F$4="전체")+($F$4<>"전체")*(DB!$H$2:$H$2576=$F$4)))*(DB!$B$2:$B$2576=AG41)*1))} | AI41: {=IFERROR(INDEX(DB!$C$2:$C$2576,_xlfn.AGGREGATE(15,6,ROW(DB!$C$2:$C$2576)-1/((($D$4="")+($D$4<>"")*ISNUMBER(SEARCH($D$4,DB!$G$2:$G$2576)))*(($D$3<>"YES")+($D$3="YES")*(DB!$E$2:$E$2576="YES"))*(($D$5="")+($D$5<>"")*(DB!$B$2:$B$2576=$D$5))*(($D$6="")+($D$6<>"")*(DB!$C$2:$C$2576=$D$6))*(($D$7="")+($D$7<>"")*(DB!$D$2:$D$2576=$D$7))*(($F$4="전체")+($F$4<>"전체")*(DB!$H$2:$H$2576=$F$4))*(COUNTIF(AI$17:AI40,DB!$C$2:$C$2576)=0)),1)),"")} | AJ41: {=IF(AI41="","",SUMPRODUCT(((($D$4="")+($D$4<>"")*ISNUMBER(SEARCH($D$4,DB!$G$2:$G$2576)))*(($D$3<>"YES")+($D$3="YES")*(DB!$E$2:$E$2576="YES"))*(($D$5="")+($D$5<>"")*(DB!$B$2:$B$2576=$D$5))*(($D$6="")+($D$6<>"")*(DB!$C$2:$C$2576=$D$6))*(($D$7="")+($D$7<>"")*(DB!$D$2:$D$2576=$D$7))*(($F$4="전체")+($F$4<>"전체")*(DB!$H$2:$H$2576=$F$4)))*(DB!$C$2:$C$2576=AI41)*1))} | AK41: {=IFERROR(INDEX(DB!$D$2:$D$2576,_xlfn.AGGREGATE(15,6,ROW(DB!$D$2:$D$2576)-1/((($D$4="")+($D$4<>"")*ISNUMBER(SEARCH($D$4,DB!$G$2:$G$2576)))*(($D$3<>"YES")+($D$3="YES")*(DB!$E$2:$E$2576="YES"))*(($F$4="전체")+($F$4<>"전체")*(DB!$H$2:$H$2576=$F$4))*(COUNTIF(AK$16:AK40,DB!$D$2:$D$2576)=0)),25)),"")} | AL41: {=IF(AK41="","",SUMPRODUCT(((($D$4="")+($D$4<>"")*ISNUMBER(SEARCH($D$4,DB!$G$2:$G$2576)))*(($D$3<>"YES")+($D$3="YES")*(DB!$E$2:$E$2576="YES"))*(($F$4="전체")+($F$4<>"전체")*(DB!$H$2:$H$2576=$F$4)))*(DB!$D$2:$D$2576=AK41)*1))} | AM41: {=IFERROR(INDEX(DB!$O$2:$O$2576,_xlfn.AGGREGATE(15,6,ROW(DB!$O$2:$O$2576)-1/((($D$4="")+($D$4<>"")*ISNUMBER(SEARCH($D$4,DB!$G$2:$G$2576)))*(($D$3<>"YES")+($D$3="YES")*(DB!$E$2:$E$2576="YES"))*(($D$5="")+($D$5<>"")*(DB!$B$2:$B$2576=$D$5))*(($D$6="")+($D$6<>"")*(DB!$C$2:$C$2576=$D$6))*(($D$7="")+($D$7<>"")*(DB!$D$2:$D$2576=$D$7))*(($F$4="전체")+($F$4<>"전체")*(DB!$H$2:$H$2576=$F$4))*(COUNTIF(AM$17:AM40,DB!$O$2:$O$2576)=0)),1)),"")} | AN41: {=IF(AM41="","",SUMPRODUCT(((($D$4="")+($D$4<>"")*ISNUMBER(SEARCH($D$4,DB!$G$2:$G$2576)))*(($D$3<>"YES")+($D$3="YES")*(DB!$E$2:$E$2576="YES"))*(($D$5="")+($D$5<>"")*(DB!$B$2:$B$2576=$D$5))*(($D$6="")+($D$6<>"")*(DB!$C$2:$C$2576=$D$6))*(($D$7="")+($D$7<>"")*(DB!$D$2:$D$2576=$D$7))*(($F$4="전체")+($F$4<>"전체")*(DB!$H$2:$H$2576=$F$4)))*(DB!$O$2:$O$2576=AM41)*1))} | AY41: 철골(철골자재) | AZ41: 24 | BA41: 38 | BB41: 0.014763015
B42: =IFERROR(IF(X42="","",ROW()-16),"") -> 26 | D42: {=IFERROR(INDEX(DB!B$2:B$2576,X42),"")} -> 3. 철골공사 | F42: {=IFERROR(INDEX(DB!C$2:C$2576,X42),"")} -> 3.1 철골 작업 | H42: {=IFERROR(INDEX(DB!D$2:D$2576,X42),"")} -> 3.1.2 철골 부재 인양, 조립 | J42: {=IFERROR(INDEX(DB!O$2:O$2576,X42),"")} -> 떨어짐 | L42: {=IFERROR(INDEX(DB!P$2:P$2576,X42),"")} -> 2016년 1월경 OO건설(주)에서 시공하는 OO 신축공사 현장에서 건물내 주차타워 철골조립 작업 중이던 재해자(철골공)가 철골 보 상부로 이동하던 중 중심을 잃고 약 35m 아래 지상 1층에 적재된 철골자재위로 떨어져 사망 | M42: {=IFERROR(INDEX(DB!Q$2:Q$2576,X42),"")} -> 철골 구조물 하부에 안전방망을 설치하지 않은 현장에서 안전대를 체결하지 않고 철골 상부에서 이동하다 근로자가 몸의 중심을 잃고 추락 | O42: {=IFERROR(INDEX(DB!R$2:R$2576,X42),"")} -> ▶ 철골 보 상부에서 이동시 추락방지를 위해 안전대 부착설비 설치 및 안전대 착용 ▶ 승강용 사다리를 이용하여 이동할 경우 추락방지를 위해 안전대 체결 ▶ 이동식크레인의 붐대 간섭 등 추락방망 설치가 곤란할 경우 철골 조립작업 전 지상애서 안전대 부착설비 설치 후 인양하여 조립 후 상부에서 안전대 체결하여 작업 | T42: {=IFERROR(_xlfn.AGGREGATE(15,6,ROW(DB!A$2:A$2576)/(((($D$3<>"YES")+($D$3="YES")*(DB!E$2:E$2576="YES"))*(($D$4="")+($D$4<>"")*ISNUMBER(SEARCH($D$4,DB!G$2:G$2576)))*(($D$5="")+($D$5<>"")*(DB!B$2:B$2576=$D$5))*(($D$6="")+($D$6<>"")*(DB!C$2:C$2576=$D$6))*(($D$7="")+($D$7<>"")*(DB!D$2:D$2576=$D$7))*(($F$4="전체")+($F$4<>"전체")*(DB!H$2:H$2576=$F$4)))),ROW()-16)-1,"")} -> 774 | U42: {=IFERROR(INDEX(DB!B$2:B$2576,T42),"")} -> 3. 철골공사 | V42: {=IFERROR(INDEX(DB!O$2:O$2576,T42),"")} -> 떨어짐 | W42: =IF(T42="","",COUNTIF($U$17:$U$216,"<"&U42)*100+COUNTIF($V$17:$V$216,"<"&V42)+(ROW()-16)*0.001) -> 10087.026 | X42: =IFERROR(INDEX($T$17:$T$216,MATCH(SMALL($W$17:$W$216,ROW()-16),$W$17:$W$216,0)),"") -> 771 | AB42: {=IFERROR(INDEX(AI$17:AI$66,_xlfn.AGGREGATE(15,6,ROW(AI$17:AI$66)-ROW(AI$17)+1/(AJ$17:AJ$66=LARGE(AJ$17:AJ$66,26)),COUNTIF(AC$17:AC41,LARGE(AJ$17:AJ$66,26))+1)),"")} | AC42: =IFERROR(LARGE(AJ$17:AJ$66,26),"") | AE42: {=IFERROR(INDEX(AM$17:AM$66,_xlfn.AGGREGATE(15,6,ROW(AM$17:AM$66)-ROW(AM$17)+1/(AN$17:AN$66=LARGE(AN$17:AN$66,26)),COUNTIF(AF$17:AF41,LARGE(AN$17:AN$66,26))+1)),"")} | AF42: =IFERROR(LARGE(AN$17:AN$66,26),"") | AH42: {=IF(AG42="","",SUMPRODUCT(((($D$4="")+($D$4<>"")*ISNUMBER(SEARCH($D$4,DB!$G$2:$G$2576)))*(($D$3<>"YES")+($D$3="YES")*(DB!$E$2:$E$2576="YES"))*(($F$4="전체")+($F$4<>"전체")*(DB!$H$2:$H$2576=$F$4)))*(DB!$B$2:$B$2576=AG42)*1))} | AI42: {=IFERROR(INDEX(DB!$C$2:$C$2576,_xlfn.AGGREGATE(15,6,ROW(DB!$C$2:$C$2576)-1/((($D$4="")+($D$4<>"")*ISNUMBER(SEARCH($D$4,DB!$G$2:$G$2576)))*(($D$3<>"YES")+($D$3="YES")*(DB!$E$2:$E$2576="YES"))*(($D$5="")+($D$5<>"")*(DB!$B$2:$B$2576=$D$5))*(($D$6="")+($D$6<>"")*(DB!$C$2:$C$2576=$D$6))*(($D$7="")+($D$7<>"")*(DB!$D$2:$D$2576=$D$7))*(($F$4="전체")+($F$4<>"전체")*(DB!$H$2:$H$2576=$F$4))*(COUNTIF(AI$17:AI41,DB!$C$2:$C$2576)=0)),1)),"")} | AJ42: {=IF(AI42="","",SUMPRODUCT(((($D$4="")+($D$4<>"")*ISNUMBER(SEARCH($D$4,DB!$G$2:$G$2576)))*(($D$3<>"YES")+($D$3="YES")*(DB!$E$2:$E$2576="YES"))*(($D$5="")+($D$5<>"")*(DB!$B$2:$B$2576=$D$5))*(($D$6="")+($D$6<>"")*(DB!$C$2:$C$2576=$D$6))*(($D$7="")+($D$7<>"")*(DB!$D$2:$D$2576=$D$7))*(($F$4="전체")+($F$4<>"전체")*(DB!$H$2:$H$2576=$F$4)))*(DB!$C$2:$C$2576=AI42)*1))} | AK42: {=IFERROR(INDEX(DB!$D$2:$D$2576,_xlfn.AGGREGATE(15,6,ROW(DB!$D$2:$D$2576)-1/((($D$4="")+($D$4<>"")*ISNUMBER(SEARCH($D$4,DB!$G$2:$G$2576)))*(($D$3<>"YES")+($D$3="YES")*(DB!$E$2:$E$2576="YES"))*(($F$4="전체")+($F$4<>"전체")*(DB!$H$2:$H$2576=$F$4))*(COUNTIF(AK$16:AK41,DB!$D$2:$D$2576)=0)),26)),"")} | AL42: {=IF(AK42="","",SUMPRODUCT(((($D$4="")+($D$4<>"")*ISNUMBER(SEARCH($D$4,DB!$G$2:$G$2576)))*(($D$3<>"YES")+($D$3="YES")*(DB!$E$2:$E$2576="YES"))*(($F$4="전체")+($F$4<>"전체")*(DB!$H$2:$H$2576=$F$4)))*(DB!$D$2:$D$2576=AK42)*1))} | AM42: {=IFERROR(INDEX(DB!$O$2:$O$2576,_xlfn.AGGREGATE(15,6,ROW(DB!$O$2:$O$2576)-1/((($D$4="")+($D$4<>"")*ISNUMBER(SEARCH($D$4,DB!$G$2:$G$2576)))*(($D$3<>"YES")+($D$3="YES")*(DB!$E$2:$E$2576="YES"))*(($D$5="")+($D$5<>"")*(DB!$B$2:$B$2576=$D$5))*(($D$6="")+($D$6<>"")*(DB!$C$2:$C$2576=$D$6))*(($D$7="")+($D$7<>"")*(DB!$D$2:$D$2576=$D$7))*(($F$4="전체")+($F$4<>"전체")*(DB!$H$2:$H$2576=$F$4))*(COUNTIF(AM$17:AM41,DB!$O$2:$O$2576)=0)),1)),"")} | AN42: {=IF(AM42="","",SUMPRODUCT(((($D$4="")+($D$4<>"")*ISNUMBER(SEARCH($D$4,DB!$G$2:$G$2576)))*(($D$3<>"YES")+($D$3="YES")*(DB!$E$2:$E$2576="YES"))*(($D$5="")+($D$5<>"")*(DB!$B$2:$B$2576=$D$5))*(($D$6="")+($D$6<>"")*(DB!$C$2:$C$2576=$D$6))*(($D$7="")+($D$7<>"")*(DB!$D$2:$D$2576=$D$7))*(($F$4="전체")+($F$4<>"전체")*(DB!$H$2:$H$2576=$F$4)))*(DB!$O$2:$O$2576=AM42)*1))} | AY42: 벽체 | AZ42: 25 | BA42: 38 | BB42: 0.014763015
B43: =IFERROR(IF(X43="","",ROW()-16),"") -> 27 | D43: {=IFERROR(INDEX(DB!B$2:B$2576,X43),"")} -> 3. 철골공사 | F43: {=IFERROR(INDEX(DB!C$2:C$2576,X43),"")} -> 3.1 철골 작업 | H43: {=IFERROR(INDEX(DB!D$2:D$2576,X43),"")} -> 3.1.2 철골 부재 인양, 조립 | J43: {=IFERROR(INDEX(DB!O$2:O$2576,X43),"")} -> 떨어짐 | L43: {=IFERROR(INDEX(DB!P$2:P$2576,X43),"")} -> 2016년 4월경 OO공사현장에서 재해자가 지붕 철골부재 조립중 지상바닥으로 떨어져 사망 | M43: {=IFERROR(INDEX(DB!Q$2:Q$2576,X43),"")} -> 추락방호조치가 되어 있지 않은 철골 구조물 상부에서 작업 중 근로자 추락 | O43: {=IFERROR(INDEX(DB!R$2:R$2576,X43),"")} -> ▶ 추락방지망 설치 등의 안전방호조치 실시 ▶ 안전방호조치가 현장 여건 상 어려울 경우, 별도의 안전대 부착설비를 설치 ▶ 작업자의 개인보호구 착용여부 관리감독 | T43: {=IFERROR(_xlfn.AGGREGATE(15,6,ROW(DB!A$2:A$2576)/(((($D$3<>"YES")+($D$3="YES")*(DB!E$2:E$2576="YES"))*(($D$4="")+($D$4<>"")*ISNUMBER(SEARCH($D$4,DB!G$2:G$2576)))*(($D$5="")+($D$5<>"")*(DB!B$2:B$2576=$D$5))*(($D$6="")+($D$6<>"")*(DB!C$2:C$2576=$D$6))*(($D$7="")+($D$7<>"")*(DB!D$2:D$2576=$D$7))*(($F$4="전체")+($F$4<>"전체")*(DB!H$2:H$2576=$F$4)))),ROW()-16)-1,"")} -> 775 | U43: {=IFERROR(INDEX(DB!B$2:B$2576,T43),"")} -> 3. 철골공사 | V43: {=IFERROR(INDEX(DB!O$2:O$2576,T43),"")} -> 떨어짐 | W43: =IF(T43="","",COUNTIF($U$17:$U$216,"<"&U43)*100+COUNTIF($V$17:$V$216,"<"&V43)+(ROW()-16)*0.001) -> 10087.027 | X43: =IFERROR(INDEX($T$17:$T$216,MATCH(SMALL($W$17:$W$216,ROW()-16),$W$17:$W$216,0)),"") -> 773 | AB43: {=IFERROR(INDEX(AI$17:AI$66,_xlfn.AGGREGATE(15,6,ROW(AI$17:AI$66)-ROW(AI$17)+1/(AJ$17:AJ$66=LARGE(AJ$17:AJ$66,27)),COUNTIF(AC$17:AC42,LARGE(AJ$17:AJ$66,27))+1)),"")} | AC43: =IFERROR(LARGE(AJ$17:AJ$66,27),"") | AE43: {=IFERROR(INDEX(AM$17:AM$66,_xlfn.AGGREGATE(15,6,ROW(AM$17:AM$66)-ROW(AM$17)+1/(AN$17:AN$66=LARGE(AN$17:AN$66,27)),COUNTIF(AF$17:AF42,LARGE(AN$17:AN$66,27))+1)),"")} | AF43: =IFERROR(LARGE(AN$17:AN$66,27),"") | AH43: {=IF(AG43="","",SUMPRODUCT(((($D$4="")+($D$4<>"")*ISNUMBER(SEARCH($D$4,DB!$G$2:$G$2576)))*(($D$3<>"YES")+($D$3="YES")*(DB!$E$2:$E$2576="YES"))*(($F$4="전체")+($F$4<>"전체")*(DB!$H$2:$H$2576=$F$4)))*(DB!$B$2:$B$2576=AG43)*1))} | AI43: {=IFERROR(INDEX(DB!$C$2:$C$2576,_xlfn.AGGREGATE(15,6,ROW(DB!$C$2:$C$2576)-1/((($D$4="")+($D$4<>"")*ISNUMBER(SEARCH($D$4,DB!$G$2:$G$2576)))*(($D$3<>"YES")+($D$3="YES")*(DB!$E$2:$E$2576="YES"))*(($D$5="")+($D$5<>"")*(DB!$B$2:$B$2576=$D$5))*(($D$6="")+($D$6<>"")*(DB!$C$2:$C$2576=$D$6))*(($D$7="")+($D$7<>"")*(DB!$D$2:$D$2576=$D$7))*(($F$4="전체")+($F$4<>"전체")*(DB!$H$2:$H$2576=$F$4))*(COUNTIF(AI$17:AI42,DB!$C$2:$C$2576)=0)),1)),"")} | AJ43: {=IF(AI43="","",SUMPRODUCT(((($D$4="")+($D$4<>"")*ISNUMBER(SEARCH($D$4,DB!$G$2:$G$2576)))*(($D$3<>"YES")+($D$3="YES")*(DB!$E$2:$E$2576="YES"))*(($D$5="")+($D$5<>"")*(DB!$B$2:$B$2576=$D$5))*(($D$6="")+($D$6<>"")*(DB!$C$2:$C$2576=$D$6))*(($D$7="")+($D$7<>"")*(DB!$D$2:$D$2576=$D$7))*(($F$4="전체")+($F$4<>"전체")*(DB!$H$2:$H$2576=$F$4)))*(DB!$C$2:$C$2576=AI43)*1))} | AK43: {=IFERROR(INDEX(DB!$D$2:$D$2576,_xlfn.AGGREGATE(15,6,ROW(DB!$D$2:$D$2576)-1/((($D$4="")+($D$4<>"")*ISNUMBER(SEARCH($D$4,DB!$G$2:$G$2576)))*(($D$3<>"YES")+($D$3="YES")*(DB!$E$2:$E$2576="YES"))*(($F$4="전체")+($F$4<>"전체")*(DB!$H$2:$H$2576=$F$4))*(COUNTIF(AK$16:AK42,DB!$D$2:$D$2576)=0)),27)),"")} | AL43: {=IF(AK43="","",SUMPRODUCT(((($D$4="")+($D$4<>"")*ISNUMBER(SEARCH($D$4,DB!$G$2:$G$2576)))*(($D$3<>"YES")+($D$3="YES")*(DB!$E$2:$E$2576="YES"))*(($F$4="전체")+($F$4<>"전체")*(DB!$H$2:$H$2576=$F$4)))*(DB!$D$2:$D$2576=AK43)*1))} | AM43: {=IFERROR(INDEX(DB!$O$2:$O$2576,_xlfn.AGGREGATE(15,6,ROW(DB!$O$2:$O$2576)-1/((($D$4="")+($D$4<>"")*ISNUMBER(SEARCH($D$4,DB!$G$2:$G$2576)))*(($D$3<>"YES")+($D$3="YES")*(DB!$E$2:$E$2576="YES"))*(($D$5="")+($D$5<>"")*(DB!$B$2:$B$2576=$D$5))*(($D$6="")+($D$6<>"")*(DB!$C$2:$C$2576=$D$6))*(($D$7="")+($D$7<>"")*(DB!$D$2:$D$2576=$D$7))*(($F$4="전체")+($F$4<>"전체")*(DB!$H$2:$H$2576=$F$4))*(COUNTIF(AM$17:AM42,DB!$O$2:$O$2576)=0)),1)),"")} | AN43: {=IF(AM43="","",SUMPRODUCT(((($D$4="")+($D$4<>"")*ISNUMBER(SEARCH($D$4,DB!$G$2:$G$2576)))*(($D$3<>"YES")+($D$3="YES")*(DB!$E$2:$E$2576="YES"))*(($D$5="")+($D$5<>"")*(DB!$B$2:$B$2576=$D$5))*(($D$6="")+($D$6<>"")*(DB!$C$2:$C$2576=$D$6))*(($D$7="")+($D$7<>"")*(DB!$D$2:$D$2576=$D$7))*(($F$4="전체")+($F$4<>"전체")*(DB!$H$2:$H$2576=$F$4)))*(DB!$O$2:$O$2576=AM43)*1))} | AY43: 기타건설장비 | AZ43: 26 | BA43: 32 | BB43: 0.012432012
B44: =IFERROR(IF(X44="","",ROW()-16),"") -> 28 | D44: {=IFERROR(INDEX(DB!B$2:B$2576,X44),"")} -> 3. 철골공사 | F44: {=IFERROR(INDEX(DB!C$2:C$2576,X44),"")} -> 3.1 철골 작업 | H44: {=IFERROR(INDEX(DB!D$2:D$2576,X44),"")} -> 3.1.2 철골 부재 인양, 조립 | J44: {=IFERROR(INDEX(DB!O$2:O$2576,X44),"")} -> 떨어짐 | L44: {=IFERROR(INDEX(DB!P$2:P$2576,X44),"")} -> 2016년 4월경 OO공장 전면 철골 트러스보 위에서 재해자(철골공)가 철골 부재(Prapet Girth) 조립을 위해 철골 지붕 트러스 보 위에서 철골부재를 슬링으로 묶던중 트러스 보 위에서 떨어져 사망 | M44: {=IFERROR(INDEX(DB!Q$2:Q$2576,X44),"")} -> 추락방호조치가 되어 있지 않은 철골 구조물 상부에서 작업 중 근로자 추락 | O44: {=IFERROR(INDEX(DB!R$2:R$2576,X44),"")} -> ▶ 추락방지망 설치 등의 안전방호조치 실시 ▶ 안전방호조치가 현장 여건 상 어려울 경우, 별도의 안전대 부착설비를 설치 ▶ 작업자의 개인보호구 착용여부 관리감독 | T44: {=IFERROR(_xlfn.AGGREGATE(15,6,ROW(DB!A$2:A$2576)/(((($D$3<>"YES")+($D$3="YES")*(DB!E$2:E$2576="YES"))*(($D$4="")+($D$4<>"")*ISNUMBER(SEARCH($D$4,DB!G$2:G$2576)))*(($D$5="")+($D$5<>"")*(DB!B$2:B$2576=$D$5))*(($D$6="")+($D$6<>"")*(DB!C$2:C$2576=$D$6))*(($D$7="")+($D$7<>"")*(DB!D$2:D$2576=$D$7))*(($F$4="전체")+($F$4<>"전체")*(DB!H$2:H$2576=$F$4)))),ROW()-16)-1,"")} -> 776 | U44: {=IFERROR(INDEX(DB!B$2:B$2576,T44),"")} -> 3. 철골공사 | V44: {=IFERROR(INDEX(DB!O$2:O$2576,T44),"")} -> 떨어짐 | W44: =IF(T44="","",COUNTIF($U$17:$U$216,"<"&U44)*100+COUNTIF($V$17:$V$216,"<"&V44)+(ROW()-16)*0.001) -> 10087.028 | X44: =IFERROR(INDEX($T$17:$T$216,MATCH(SMALL($W$17:$W$216,ROW()-16),$W$17:$W$216,0)),"") -> 774 | AB44: {=IFERROR(INDEX(AI$17:AI$66,_xlfn.AGGREGATE(15,6,ROW(AI$17:AI$66)-ROW(AI$17)+1/(AJ$17:AJ$66=LARGE(AJ$17:AJ$66,28)),COUNTIF(AC$17:AC43,LARGE(AJ$17:AJ$66,28))+1)),"")} | AC44: =IFERROR(LARGE(AJ$17:AJ$66,28),"") | AE44: {=IFERROR(INDEX(AM$17:AM$66,_xlfn.AGGREGATE(15,6,ROW(AM$17:AM$66)-ROW(AM$17)+1/(AN$17:AN$66=LARGE(AN$17:AN$66,28)),COUNTIF(AF$17:AF43,LARGE(AN$17:AN$66,28))+1)),"")} | AF44: =IFERROR(LARGE(AN$17:AN$66,28),"") | AH44: {=IF(AG44="","",SUMPRODUCT(((($D$4="")+($D$4<>"")*ISNUMBER(SEARCH($D$4,DB!$G$2:$G$2576)))*(($D$3<>"YES")+($D$3="YES")*(DB!$E$2:$E$2576="YES"))*(($F$4="전체")+($F$4<>"전체")*(DB!$H$2:$H$2576=$F$4)))*(DB!$B$2:$B$2576=AG44)*1))} | AI44: {=IFERROR(INDEX(DB!$C$2:$C$2576,_xlfn.AGGREGATE(15,6,ROW(DB!$C$2:$C$2576)-1/((($D$4="")+($D$4<>"")*ISNUMBER(SEARCH($D$4,DB!$G$2:$G$2576)))*(($D$3<>"YES")+($D$3="YES")*(DB!$E$2:$E$2576="YES"))*(($D$5="")+($D$5<>"")*(DB!$B$2:$B$2576=$D$5))*(($D$6="")+($D$6<>"")*(DB!$C$2:$C$2576=$D$6))*(($D$7="")+($D$7<>"")*(DB!$D$2:$D$2576=$D$7))*(($F$4="전체")+($F$4<>"전체")*(DB!$H$2:$H$2576=$F$4))*(COUNTIF(AI$17:AI43,DB!$C$2:$C$2576)=0)),1)),"")} | AJ44: {=IF(AI44="","",SUMPRODUCT(((($D$4="")+($D$4<>"")*ISNUMBER(SEARCH($D$4,DB!$G$2:$G$2576)))*(($D$3<>"YES")+($D$3="YES")*(DB!$E$2:$E$2576="YES"))*(($D$5="")+($D$5<>"")*(DB!$B$2:$B$2576=$D$5))*(($D$6="")+($D$6<>"")*(DB!$C$2:$C$2576=$D$6))*(($D$7="")+($D$7<>"")*(DB!$D$2:$D$2576=$D$7))*(($F$4="전체")+($F$4<>"전체")*(DB!$H$2:$H$2576=$F$4)))*(DB!$C$2:$C$2576=AI44)*1))} | AK44: {=IFERROR(INDEX(DB!$D$2:$D$2576,_xlfn.AGGREGATE(15,6,ROW(DB!$D$2:$D$2576)-1/((($D$4="")+($D$4<>"")*ISNUMBER(SEARCH($D$4,DB!$G$2:$G$2576)))*(($D$3<>"YES")+($D$3="YES")*(DB!$E$2:$E$2576="YES"))*(($F$4="전체")+($F$4<>"전체")*(DB!$H$2:$H$2576=$F$4))*(COUNTIF(AK$16:AK43,DB!$D$2:$D$2576)=0)),28)),"")} | AL44: {=IF(AK44="","",SUMPRODUCT(((($D$4="")+($D$4<>"")*ISNUMBER(SEARCH($D$4,DB!$G$2:$G$2576)))*(($D$3<>"YES")+($D$3="YES")*(DB!$E$2:$E$2576="YES"))*(($F$4="전체")+($F$4<>"전체")*(DB!$H$2:$H$2576=$F$4)))*(DB!$D$2:$D$2576=AK44)*1))} | AM44: {=IFERROR(INDEX(DB!$O$2:$O$2576,_xlfn.AGGREGATE(15,6,ROW(DB!$O$2:$O$2576)-1/((($D$4="")+($D$4<>"")*ISNUMBER(SEARCH($D$4,DB!$G$2:$G$2576)))*(($D$3<>"YES")+($D$3="YES")*(DB!$E$2:$E$2576="YES"))*(($D$5="")+($D$5<>"")*(DB!$B$2:$B$2576=$D$5))*(($D$6="")+($D$6<>"")*(DB!$C$2:$C$2576=$D$6))*(($D$7="")+($D$7<>"")*(DB!$D$2:$D$2576=$D$7))*(($F$4="전체")+($F$4<>"전체")*(DB!$H$2:$H$2576=$F$4))*(COUNTIF(AM$17:AM43,DB!$O$2:$O$2576)=0)),1)),"")} | AN44: {=IF(AM44="","",SUMPRODUCT(((($D$4="")+($D$4<>"")*ISNUMBER(SEARCH($D$4,DB!$G$2:$G$2576)))*(($D$3<>"YES")+($D$3="YES")*(DB!$E$2:$E$2576="YES"))*(($D$5="")+($D$5<>"")*(DB!$B$2:$B$2576=$D$5))*(($D$6="")+($D$6<>"")*(DB!$C$2:$C$2576=$D$6))*(($D$7="")+($D$7<>"")*(DB!$D$2:$D$2576=$D$7))*(($F$4="전체")+($F$4<>"전체")*(DB!$H$2:$H$2576=$F$4)))*(DB!$O$2:$O$2576=AM44)*1))} | AY44: 전주 | AZ44: 27 | BA44: 32 | BB44: 0.012432012
B45: =IFERROR(IF(X45="","",ROW()-16),"") -> 29 | D45: {=IFERROR(INDEX(DB!B$2:B$2576,X45),"")} -> 3. 철골공사 | F45: {=IFERROR(INDEX(DB!C$2:C$2576,X45),"")} -> 3.1 철골 작업 | H45: {=IFERROR(INDEX(DB!D$2:D$2576,X45),"")} -> 3.1.2 철골 부재 인양, 조립 | J45: {=IFERROR(INDEX(DB!O$2:O$2576,X45),"")} -> 떨어짐 | L45: {=IFERROR(INDEX(DB!P$2:P$2576,X45),"")} -> 2016년 4월경 ㈜OO건설에서 시공하는 OO(주) OO공장 신축공사 현장에서 재해자(철골공)가 철골2단 Girder(H-588×300×12×17mm) 위에 앉아 이동식크레인(50ton)으로 인양한 Beam(H-200×100×5.5×8mm)을 볼트 체결 후 Beam 인양용 줄걸이(섬유로프)를 풀기 위하여 일어서던 중 몸의 중심을 잃고 약 11m 하부 콘크리트 바닥으로 떨어져 사망 | M45: {=IFERROR(INDEX(DB!Q$2:Q$2576,X45),"")} -> 추락방호조치가 되어 있지 않은 철골 구조물 상부에서 작업 중 근로자 추락 | O45: {=IFERROR(INDEX(DB!R$2:R$2576,X45),"")} -> ▶ 추락방지망 설치 등의 안전방호조치 실시 ▶ 안전방호조치가 현장 여건 상 어려울 경우, 별도의 안전대 부착설비를 설치 ▶ 작업자의 개인보호구 착용여부 관리감독 | T45: {=IFERROR(_xlfn.AGGREGATE(15,6,ROW(DB!A$2:A$2576)/(((($D$3<>"YES")+($D$3="YES")*(DB!E$2:E$2576="YES"))*(($D$4="")+($D$4<>"")*ISNUMBER(SEARCH($D$4,DB!G$2:G$2576)))*(($D$5="")+($D$5<>"")*(DB!B$2:B$2576=$D$5))*(($D$6="")+($D$6<>"")*(DB!C$2:C$2576=$D$6))*(($D$7="")+($D$7<>"")*(DB!D$2:D$2576=$D$7))*(($F$4="전체")+($F$4<>"전체")*(DB!H$2:H$2576=$F$4)))),ROW()-16)-1,"")} -> 777 | U45: {=IFERROR(INDEX(DB!B$2:B$2576,T45),"")} -> 3. 철골공사 | V45: {=IFERROR(INDEX(DB!O$2:O$2576,T45),"")} -> 떨어짐 | W45: =IF(T45="","",COUNTIF($U$17:$U$216,"<"&U45)*100+COUNTIF($V$17:$V$216,"<"&V45)+(ROW()-16)*0.001) -> 10087.029 | X45: =IFERROR(INDEX($T$17:$T$216,MATCH(SMALL($W$17:$W$216,ROW()-16),$W$17:$W$216,0)),"") -> 775 | AB45: {=IFERROR(INDEX(AI$17:AI$66,_xlfn.AGGREGATE(15,6,ROW(AI$17:AI$66)-ROW(AI$17)+1/(AJ$17:AJ$66=LARGE(AJ$17:AJ$66,29)),COUNTIF(AC$17:AC44,LARGE(AJ$17:AJ$66,29))+1)),"")} | AC45: =IFERROR(LARGE(AJ$17:AJ$66,29),"") | AE45: {=IFERROR(INDEX(AM$17:AM$66,_xlfn.AGGREGATE(15,6,ROW(AM$17:AM$66)-ROW(AM$17)+1/(AN$17:AN$66=LARGE(AN$17:AN$66,29)),COUNTIF(AF$17:AF44,LARGE(AN$17:AN$66,29))+1)),"")} | AF45: =IFERROR(LARGE(AN$17:AN$66,29),"") | AH45: {=IF(AG45="","",SUMPRODUCT(((($D$4="")+($D$4<>"")*ISNUMBER(SEARCH($D$4,DB!$G$2:$G$2576)))*(($D$3<>"YES")+($D$3="YES")*(DB!$E$2:$E$2576="YES"))*(($F$4="전체")+($F$4<>"전체")*(DB!$H$2:$H$2576=$F$4)))*(DB!$B$2:$B$2576=AG45)*1))} | AI45: {=IFERROR(INDEX(DB!$C$2:$C$2576,_xlfn.AGGREGATE(15,6,ROW(DB!$C$2:$C$2576)-1/((($D$4="")+($D$4<>"")*ISNUMBER(SEARCH($D$4,DB!$G$2:$G$2576)))*(($D$3<>"YES")+($D$3="YES")*(DB!$E$2:$E$2576="YES"))*(($D$5="")+($D$5<>"")*(DB!$B$2:$B$2576=$D$5))*(($D$6="")+($D$6<>"")*(DB!$C$2:$C$2576=$D$6))*(($D$7="")+($D$7<>"")*(DB!$D$2:$D$2576=$D$7))*(($F$4="전체")+($F$4<>"전체")*(DB!$H$2:$H$2576=$F$4))*(COUNTIF(AI$17:AI44,DB!$C$2:$C$2576)=0)),1)),"")} | AJ45: {=IF(AI45="","",SUMPRODUCT(((($D$4="")+($D$4<>"")*ISNUMBER(SEARCH($D$4,DB!$G$2:$G$2576)))*(($D$3<>"YES")+($D$3="YES")*(DB!$E$2:$E$2576="YES"))*(($D$5="")+($D$5<>"")*(DB!$B$2:$B$2576=$D$5))*(($D$6="")+($D$6<>"")*(DB!$C$2:$C$2576=$D$6))*(($D$7="")+($D$7<>"")*(DB!$D$2:$D$2576=$D$7))*(($F$4="전체")+($F$4<>"전체")*(DB!$H$2:$H$2576=$F$4)))*(DB!$C$2:$C$2576=AI45)*1))} | AK45: {=IFERROR(INDEX(DB!$D$2:$D$2576,_xlfn.AGGREGATE(15,6,ROW(DB!$D$2:$D$2576)-1/((($D$4="")+($D$4<>"")*ISNUMBER(SEARCH($D$4,DB!$G$2:$G$2576)))*(($D$3<>"YES")+($D$3="YES")*(DB!$E$2:$E$2576="YES"))*(($F$4="전체")+($F$4<>"전체")*(DB!$H$2:$H$2576=$F$4))*(COUNTIF(AK$16:AK44,DB!$D$2:$D$2576)=0)),29)),"")} | AL45: {=IF(AK45="","",SUMPRODUCT(((($D$4="")+($D$4<>"")*ISNUMBER(SEARCH($D$4,DB!$G$2:$G$2576)))*(($D$3<>"YES")+($D$3="YES")*(DB!$E$2:$E$2576="YES"))*(($F$4="전체")+($F$4<>"전체")*(DB!$H$2:$H$2576=$F$4)))*(DB!$D$2:$D$2576=AK45)*1))} | AM45: {=IFERROR(INDEX(DB!$O$2:$O$2576,_xlfn.AGGREGATE(15,6,ROW(DB!$O$2:$O$2576)-1/((($D$4="")+($D$4<>"")*ISNUMBER(SEARCH($D$4,DB!$G$2:$G$2576)))*(($D$3<>"YES")+($D$3="YES")*(DB!$E$2:$E$2576="YES"))*(($D$5="")+($D$5<>"")*(DB!$B$2:$B$2576=$D$5))*(($D$6="")+($D$6<>"")*(DB!$C$2:$C$2576=$D$6))*(($D$7="")+($D$7<>"")*(DB!$D$2:$D$2576=$D$7))*(($F$4="전체")+($F$4<>"전체")*(DB!$H$2:$H$2576=$F$4))*(COUNTIF(AM$17:AM44,DB!$O$2:$O$2576)=0)),1)),"")} | AN45: {=IF(AM45="","",SUMPRODUCT(((($D$4="")+($D$4<>"")*ISNUMBER(SEARCH($D$4,DB!$G$2:$G$2576)))*(($D$3<>"YES")+($D$3="YES")*(DB!$E$2:$E$2576="YES"))*(($D$5="")+($D$5<>"")*(DB!$B$2:$B$2576=$D$5))*(($D$6="")+($D$6<>"")*(DB!$C$2:$C$2576=$D$6))*(($D$7="")+($D$7<>"")*(DB!$D$2:$D$2576=$D$7))*(($F$4="전체")+($F$4<>"전체")*(DB!$H$2:$H$2576=$F$4)))*(DB!$O$2:$O$2576=AM45)*1))} | AY45: 계단 | AZ45: 28 | BA45: 32 | BB45: 0.012432012
B46: =IFERROR(IF(X46="","",ROW()-16),"") -> 30 | D46: {=IFERROR(INDEX(DB!B$2:B$2576,X46),"")} -> 3. 철골공사 | F46: {=IFERROR(INDEX(DB!C$2:C$2576,X46),"")} -> 3.1 철골 작업 | H46: {=IFERROR(INDEX(DB!D$2:D$2576,X46),"")} -> 3.1.2 철골 부재 인양, 조립 | J46: {=IFERROR(INDEX(DB!O$2:O$2576,X46),"")} -> 떨어짐 | L46: {=IFERROR(INDEX(DB!P$2:P$2576,X46),"")} -> 2016년 5월경 OO건설(주) 근생(사무동) 신축공사 현장에서 재해자(철골공)가 지상 2층 바닥의 철골 보 상부에서 이동 중 몸의 중심을 잃고 약 4.5m 아래 지상 1층 바닥으로 떨어져 사망 | M46: {=IFERROR(INDEX(DB!Q$2:Q$2576,X46),"")} -> 철골 구조물 하부에 안전방망을 설치하지 않은 현장에서 안전대를 체결하지 않고 철골 상부에서 이동하다 근로자가 몸의 중심을 잃고 추락 | O46: {=IFERROR(INDEX(DB!R$2:R$2576,X46),"")} -> ▶ 철골 보 상부에서 이동시 추락방지를 위해 안전대 부착설비 설치 및 안전대 착용 ▶ 승강용 사다리를 이용하여 이동할 경우 추락방지를 위해 안전대 체결 ▶ 이동식크레인의 붐대 간섭 등 추락방망 설치가 곤란할 경우 철골 조립작업 전 지상애서 안전대 부착설비 설치 후 인양하여 조립 후 상부에서 안전대 체결하여 작업 | T46: {=IFERROR(_xlfn.AGGREGATE(15,6,ROW(DB!A$2:A$2576)/(((($D$3<>"YES")+($D$3="YES")*(DB!E$2:E$2576="YES"))*(($D$4="")+($D$4<>"")*ISNUMBER(SEARCH($D$4,DB!G$2:G$2576)))*(($D$5="")+($D$5<>"")*(DB!B$2:B$2576=$D$5))*(($D$6="")+($D$6<>"")*(DB!C$2:C$2576=$D$6))*(($D$7="")+($D$7<>"")*(DB!D$2:D$2576=$D$7))*(($F$4="전체")+($F$4<>"전체")*(DB!H$2:H$2576=$F$4)))),ROW()-16)-1,"")} -> 778 | U46: {=IFERROR(INDEX(DB!B$2:B$2576,T46),"")} -> 3. 철골공사 | V46: {=IFERROR(INDEX(DB!O$2:O$2576,T46),"")} -> 끼임 | W46: =IF(T46="","",COUNTIF($U$17:$U$216,"<"&U46)*100+COUNTIF($V$17:$V$216,"<"&V46)+(ROW()-16)*0.001) -> 10084.03 | X46: =IFERROR(INDEX($T$17:$T$216,MATCH(SMALL($W$17:$W$216,ROW()-16),$W$17:$W$216,0)),"") -> 776 | AB46: {=IFERROR(INDEX(AI$17:AI$66,_xlfn.AGGREGATE(15,6,ROW(AI$17:AI$66)-ROW(AI$17)+1/(AJ$17:AJ$66=LARGE(AJ$17:AJ$66,30)),COUNTIF(AC$17:AC45,LARGE(AJ$17:AJ$66,30))+1)),"")} | AC46: =IFERROR(LARGE(AJ$17:AJ$66,30),"") | AE46: {=IFERROR(INDEX(AM$17:AM$66,_xlfn.AGGREGATE(15,6,ROW(AM$17:AM$66)-ROW(AM$17)+1/(AN$17:AN$66=LARGE(AN$17:AN$66,30)),COUNTIF(AF$17:AF45,LARGE(AN$17:AN$66,30))+1)),"")} | AF46: =IFERROR(LARGE(AN$17:AN$66,30),"") | AH46: {=IF(AG46="","",SUMPRODUCT(((($D$4="")+($D$4<>"")*ISNUMBER(SEARCH($D$4,DB!$G$2:$G$2576)))*(($D$3<>"YES")+($D$3="YES")*(DB!$E$2:$E$2576="YES"))*(($F$4="전체")+($F$4<>"전체")*(DB!$H$2:$H$2576=$F$4)))*(DB!$B$2:$B$2576=AG46)*1))} | AI46: {=IFERROR(INDEX(DB!$C$2:$C$2576,_xlfn.AGGREGATE(15,6,ROW(DB!$C$2:$C$2576)-1/((($D$4="")+($D$4<>"")*ISNUMBER(SEARCH($D$4,DB!$G$2:$G$2576)))*(($D$3<>"YES")+($D$3="YES")*(DB!$E$2:$E$2576="YES"))*(($D$5="")+($D$5<>"")*(DB!$B$2:$B$2576=$D$5))*(($D$6="")+($D$6<>"")*(DB!$C$2:$C$2576=$D$6))*(($D$7="")+($D$7<>"")*(DB!$D$2:$D$2576=$D$7))*(($F$4="전체")+($F$4<>"전체")*(DB!$H$2:$H$2576=$F$4))*(COUNTIF(AI$17:AI45,DB!$C$2:$C$2576)=0)),1)),"")} | AJ46: {=IF(AI46="","",SUMPRODUCT(((($D$4="")+($D$4<>"")*ISNUMBER(SEARCH($D$4,DB!$G$2:$G$2576)))*(($D$3<>"YES")+($D$3="YES")*(DB!$E$2:$E$2576="YES"))*(($D$5="")+($D$5<>"")*(DB!$B$2:$B$2576=$D$5))*(($D$6="")+($D$6<>"")*(DB!$C$2:$C$2576=$D$6))*(($D$7="")+($D$7<>"")*(DB!$D$2:$D$2576=$D$7))*(($F$4="전체")+($F$4<>"전체")*(DB!$H$2:$H$2576=$F$4)))*(DB!$C$2:$C$2576=AI46)*1))} | AK46: {=IFERROR(INDEX(DB!$D$2:$D$2576,_xlfn.AGGREGATE(15,6,ROW(DB!$D$2:$D$2576)-1/((($D$4="")+($D$4<>"")*ISNUMBER(SEARCH($D$4,DB!$G$2:$G$2576)))*(($D$3<>"YES")+($D$3="YES")*(DB!$E$2:$E$2576="YES"))*(($F$4="전체")+($F$4<>"전체")*(DB!$H$2:$H$2576=$F$4))*(COUNTIF(AK$16:AK45,DB!$D$2:$D$2576)=0)),30)),"")} | AL46: {=IF(AK46="","",SUMPRODUCT(((($D$4="")+($D$4<>"")*ISNUMBER(SEARCH($D$4,DB!$G$2:$G$2576)))*(($D$3<>"YES")+($D$3="YES")*(DB!$E$2:$E$2576="YES"))*(($F$4="전체")+($F$4<>"전체")*(DB!$H$2:$H$2576=$F$4)))*(DB!$D$2:$D$2576=AK46)*1))} | AM46: {=IFERROR(INDEX(DB!$O$2:$O$2576,_xlfn.AGGREGATE(15,6,ROW(DB!$O$2:$O$2576)-1/((($D$4="")+($D$4<>"")*ISNUMBER(SEARCH($D$4,DB!$G$2:$G$2576)))*(($D$3<>"YES")+($D$3="YES")*(DB!$E$2:$E$2576="YES"))*(($D$5="")+($D$5<>"")*(DB!$B$2:$B$2576=$D$5))*(($D$6="")+($D$6<>"")*(DB!$C$2:$C$2576=$D$6))*(($D$7="")+($D$7<>"")*(DB!$D$2:$D$2576=$D$7))*(($F$4="전체")+($F$4<>"전체")*(DB!$H$2:$H$2576=$F$4))*(COUNTIF(AM$17:AM45,DB!$O$2:$O$2576)=0)),1)),"")} | AN46: {=IF(AM46="","",SUMPRODUCT(((($D$4="")+($D$4<>"")*ISNUMBER(SEARCH($D$4,DB!$G$2:$G$2576)))*(($D$3<>"YES")+($D$3="YES")*(DB!$E$2:$E$2576="YES"))*(($D$5="")+($D$5<>"")*(DB!$B$2:$B$2576=$D$5))*(($D$6="")+($D$6<>"")*(DB!$C$2:$C$2576=$D$6))*(($D$7="")+($D$7<>"")*(DB!$D$2:$D$2576=$D$7))*(($F$4="전체")+($F$4<>"전체")*(DB!$H$2:$H$2576=$F$4)))*(DB!$O$2:$O$2576=AM46)*1))} | AY46: 철근콘크리트자재(철근,콘크리트,PC) | AZ46: 29 | BA46: 31 | BB46: 0.012043512
